Fish_ID_Revised,Fish_ID,GillClip_ID_Revised,GillClip_ID,Collection_Date,RunTimingGroup,Collection_Location,Processing_Date,Col_Location_Lat,Col_Location_Long,Fish_Wt,Fish_Leng_1,Fish_Leng_1_tape,Fish_Leng_2,Fish_Leng_2_tape,Fish_Ht,Fish_Ht_tape,Fish_Wdth,Fish_Grth,Sex,Gonad_Wt,DWP#,Fem_Fecun_1_num,Fem_Fecun_1_wt,Fem_Fecun_2_num,Fem_Fecun_2_wt,Fem_Fecun_3_num,Fem_Fecun_3_wt,Fem_Egg_Sz_1,Fem_Egg_Sz_2,Fem_Egg_Sz_3,Carcass-guts_Wt,Oto_Well_ID,Strontium_marked_Y/N,Scales_Y/N,Scales_num,Fish_Ground_Y/N,Gonad_Saved_Y/N,Gonad_Saved_wt,Fat_Meter_1%_L,Fat_Meter_1%_R,Fat_Meter_2%_L,Fat_Meter_2%_R,Fat_Meter_3%_L,Fat_Meter_3%_R,Fat_Meter_4%_L,Fat_Meter_4%_R,Dissect_Comments,Date_LabDryStart,Fish+BagWt_g,Date_LabDryFinal,DryFish+BagWt_g,Pwater,Pdry,Dry_Comments,Date_BCProcess,Bomb_ID_1,Bomb_PelletWt_g_1,EE_Value_1,EnergyDensity_mJ/kg_1,EnergyPDry_1,Bomb_ID_2,Bomb_PelletWt_g_2,EE_value_2,EnergyDensity_mJ/kg_2,EnergyPDry_2,Bomb_ID_3,Bomb_PelletWt_g_3,EE_value_3,EnergyDensity_mJ/kg_3,EnergyPDry_3,Bomb_ID_4,Bomb_PelletWt_g_4,EE_value_4,EnergyDensity_mJ/kg_4,EnergyPDry_4,BC_comments
BC-1-2021,BC-1-2021,BC-1-21,BC-L-1,6/2/2021 (BC),Early,Baird Canyon,6/23/21,60.73831,-144.5687,2.328,45.4,,3.3,,13.7,,7.7,31,F,0.132,1-C1,10,0.4759,,,,,5.5,,,2.088,1-B5,N,Y,5,Y,Y,0.072,9.2,8,9.1,7.6,5.8,5.5,2.5,2.6,,9/24/21,64.7,9/28/21,23.6,0.6352,0.3648,,10/1/21,2,0.3798,955.4635,25.689,9.370330757,,9.0774,,,,,,,,,,,,,,
BC-2-2021,BC-2-2021,BC-2-21,BC-L-2,6/2/2021 (BC),Early,Baird Canyon,6/23/21,60.73831,-144.5687,1.646,42.2,,3.1,,11.4,,6.4,28.4,F,0.15,1-C3,10,0.5758,,,,,5,,,1.4,1-B7,N,Y,5,Y,Y,0.084,4.9,4.6,2.7,3.3,1.2,1.4,1.3,1.5,,9/24/21,71.4,9/30/21,22.5,0.6849,0.3151,,10/1/21,2,0.2907,955.4635,25.4255,8.012237395,,,,,,,,,,,,,,,,
BC-3-2021,BC-3-2021,BC-3-21,BC-L-3,6/2/2021 (BC),Early,Baird Canyon,6/23/21,60.73831,-144.5687,2.564,46.3,,4.1,,14.2,,7.7,34.3,F,0.222,1-B7,12,0.8384,,,,,4.1,,,2.222,1-B3,N,Y,5,Y,Y,0.11,10.3,10.4,7.8,7.4,5.7,5.2,3.1,4.2,,9/24/21,122,9/30/21,43.1,0.6467,0.3533,,10/1/21,4,0.3544,923.3249,26.1136,9.225378361,,,,,,,,,,,,,,,,
BC-4-2021,BC-4-2021,BC-4-21,BC-L-4,6/2/2021 (BC),Early,Baird Canyon,6/23/21,60.73831,-144.5687,1.984,46.5,,4.3,,12.3,,6.5,29.5,F,0.088,1-B3,10,0.276,,,,,4.5,,,1.804,1-A11,N,Y,6,Y,Y,0.04,7,14.3,11.5,12.1,3.9,4.4,2.6,3.2,,9/24/21,115,9/30/21,42.9,0.627,0.373,,10/1/21,2,0.3475,955.4635,28.4498,10.61301235,,,,,,,,,,,,,,,,
BC-5-2021,BC-5-2021,BC-5-21,BC-L-5,6/2/2021 (BC),Early,Baird Canyon,6/23/21,60.73831,-144.5687,2.44,46.6,,3.3,,13.8,,7.9,33,F,0.112,1-B8,10,0.1978,,,,,4.5,,,2.198,1-B4,N,Y,5,Y,Y,0.052,7,7.2,6.4,8.5,2.9,3.5,2.6,2.1,,9/24/21,106.6,9/30/21,36.2,0.6604,0.3396,,10/1/21,4,0.3263,923.3249,26.0386,8.84237636,,,,,,,,,,,,,,,,
BC-6-2021,BC-6-2021,BC-6-21,BC-L-6,6/2/2021 (BC),Early,Baird Canyon,6/11/21,60.73831,-144.5687,3.462,53.6,,5.9,,14.9,,7.8,37,M,0.066,1-A1,,,,,,,,,,3.24,1-A1,N,Y,,Y,Y,0.032,15,14.6,10.2,12,4.7,10.3,3.7,3.8,,9/24/21,148.9,9/30/21,55.2,0.6293,0.3707,,10/1/21,4,0.4734,923.3249,25.2722,9.368874681,2,0.3773,955.4635,26.8256,9.944748959,4,0.3954,923.3249,26.0424,9.865406987,,,,,,
BC-7-2021,BC-7-2021,BC-7-21,BC-L-7,6/2/2021 (BC),Early,Baird Canyon,6/23/21,60.73831,-144.5687,1.892,43.6,,3.4,,12.8,,6.4,30.5,F,0.132,1-C4,10,0.3339,,,,,5.2,,,1.674,1-B8,N,Y,5,Y,Y,0.064,7.6,6.4,7,6.5,3.7,4.8,1.4,3.3,,9/24/21,91.6,9/30/21,34.7,0.6212,0.3788,,10/1/21,2,0.3331,955.4635,27.0696,10.25453188,,,,,,,,,,,,,,,,
BC-8-2021,BC-8-2021,BC-8-21,BC-L-8,6/2/2021 (BC),Early,Baird Canyon,6/11/21,60.73831,-144.5687,2.306,45.1,,4.8,,12.5,,6.4,71.5,M,0.078,1-A4,,,,,,,,,,2.124,1-A4,N,Y,8,Y,Y,0.038,8.3,8.9,9,9.6,6.1,5.3,2.9,2.9,,9/24/21,104.9,9/30/21,36.8,0.6492,0.3508,,10/1/21,4,0.3048,923.3249,26.467,9.284896092,,,,,,,,,,,,,,,,
BC-9-2021,BC-9-2021,BC-9-21,BC-L-9,6/2/2021 (BC),Early,Baird Canyon,6/11/21,60.73831,-144.5687,2.682,48.7,,4.8,,13.8,,7.9,34.4,M,0.048,1-A3,,,,,,,,,,2.506,1-A3 (No otoliths),NO READ,Y,,Y,Y,0.026,12.4,12.9,11.8,12.4,8.6,8.2,3.5,3.7,,9/24/21,125.3,9/30/21,47.2,0.6233,0.3767,,10/1/21,2,0.3223,955.4635,26.7901,10.09172163,,,,,,,,,,,,,,,,
BC-10-2021,BC-10-2021,BC-10-21,BC-L-10,6/2/2021 (BC),Early,Baird Canyon,6/11/21,60.73831,-144.5687,1.87,44.8,,3.9,,12.5,,6,30,M,0.04,1-B2,,,,,,,,,,1.732,1-A10,N,Y,,Y,Y,0.02,9.9,10,12.1,9.8,5.2,6.4,2.7,3.4,,9/24/21,78.7,9/30/21,31,0.6061,0.3939,,10/1/21,4,0.2511,923.3249,23.3946,9.215153748,,,,,,,,,,,,,,,,
BC-11-2021,BC-11-2021,BC-11-21,BC-L-11,6/2/2021 (BC),Early,Baird Canyon,6/11/21,60.73831,-144.5687,1.852,42.7,,3.8,,12.5,,6.5,29,M,0.072,1-A8,,,,,,,,,,1.678,1-A8,N,Y,,Y,Y,0.038,7.6,8.4,6.8,7.8,2.8,4.2,2,1.8,,9/24/21,100.8,9/29/21,29.6,0.7063,0.2937,,10/1/21,2,0.3795,955.4635,26.3579,7.740018254,,,,,,,,,,,,,,,,
BC-12-2021,BC-12-2021,BC-12-21,BC-L-12,6/2/2021 (BC),Early,Baird Canyon,6/23/21,60.73831,-144.5687,2.106,45.3,,3.5,,12.5,,7,30.5,F,0.148,1-B6,10,0.3742,,,,,4.5,,,1.852,1-B2,N,Y,5,Y,Y,0.058,15.5,12.4,12,9.9,5.5,5.5,3.9,2.6,,9/24/21,97,9/29/21,34.1,0.6485,0.3515,,10/1/21,4,0.4261,955.4635,27.6429,9.717761753,,,,,,,,,,,,,,,,
BC-13-2021,BC-13-2021,BC-13-21,BC-L-13,6/2/2021 (BC),Early,Baird Canyon,6/23/21,60.73831,-144.5687,1.92,43.8,,4.5,,11.9,,6.3,28.6,F,0.176,1-C2,10,0.5919,,,,,6,,,1.654,1-B6,N,Y,5,Y,Y,0.094,5.4,4.7,4.5,2.9,1.5,2.6,1.3,1.6,,9/26/21,81.8,9/30/21,28.3,0.654,0.346,,10/1/21,2,0.2672,955.4635,26.5696,9.192172127,,,,,,,,,,,,,,,,
BC-14-2021,BC-14-2021,BC-14-21,BC-L-14,6/2/2021 (BC),Early,Baird Canyon,6/23/21,60.73831,-144.5687,1.206,38.8,,2.5,,10.5,,6,25,F,0.092,1-B4,10,0.4723,,,,,5,,,1.052,1-A12,N,Y,5,Y,Y,0.036,10.7,8.2,7.9,8,4.8,2.5,2,2.3,,9/26/21,88.8,9/30/21,28.6,0.6779,0.3221,,10/1/21,4,0.2772,923.3249,25.4265,8.189165541,,,,,,,,,,,,,,,,
BC-15-2021,BC-15-2021,BC-15-21,BC-L-15,6/2/2021 (BC),Early,Baird Canyon,6/11/21,60.73831,-144.5687,2.594,47.5,,4.4,,12.9,,7.4,33,M,0.058,1-A2,,,,,,,,,,2.432,1-A2,N,Y,15,Y,Y,0.03,10.8,11.7,13.4,11.9,7.2,8.8,1.6,3.9,,9/26/21,142.4,10/1/21,50.5,0.6454,0.3546,,10/5/21,2,0.4605,955.4635,26.8631,9.526590941,,,,,,,,,,,,,,,,
BC-16-2021,BC-16-2021,BC-16-21,BC-L-16,6/2/2021 (BC),Early,Baird Canyon,6/11/21,60.73831,-144.5687,1.898,43.7,,4.3,,11.5,,6.6,29.2,M,0.038,1-B1,,,,,,,,,,1.756,1-A9,N,Y,5,Y,Y,0.016,9.5,7.1,9.3,7.4,5,3.1,3,1.8,,9/26/21,107.4,9/30/21,36.5,0.6601,0.3399,,10/1/21,2,0.3388,923.3249,24.3757,8.284106611,,,,,,,,,,,,,,,,
BC-17-2021,BC-17-2021,BC-17-21,BC-L-17,6/2/2021 (BC),Early,Baird Canyon,6/23/21,60.73831,-144.5687,2.114,46.8,,3.8,,11.7,,6.7,29.8,F,0.124,1-B5,10,0.2936,,,,,4,,,1.898,1-B1,N,Y,5,Y,Y,0.054,16.5,11.7,10.5,8.5,4.1,4.7,3,3.8,,9/26/21,136.2,10/1/21,47.7,0.6498,0.3502,,10/5/21,4,0.2614,923.3249,26.1097,9.144146035,,,,,,,,,,,,,,,,
BC-18-2021,BC-18-2021,BC-18-21,BC-L-18,6/2/2021 (BC),Early,Baird Canyon,6/11/21,60.73831,-144.5687,2.974,50.2,,5.7,,14.1,,7,35,M,0.108,1-A6,,,,,,,,,,2.76,1-A6,N,Y,,Y,Y,0.052,7,7.3,5.7,4.5,4.2,3.4,1.7,1.8,,9/26/21,80.9,9/30/21,27.1,0.665,0.335,,10/4/21,2,0.3335,955.4635,24.9941,8.372560074,4,0.3421,923.3249,25.7522,8.626509518,,,,,,,,,,,
BC-19-2021,BC-19-2021,BC-19-21,BC-L-19,6/2/2021 (BC),Early,Baird Canyon,6/11/21,60.73831,-144.5687,1.792,43.2,,4.1,,11.6,,6.4,29,M,0.07,1-A5,,,,,,,,,,1.652,1-A5,N,Y,5,Y,Y,0.032,6.6,6.5,7.9,9.5,2.4,4.2,1.7,2,,10/4/21,107.9,10/7/21,33.4,0.6905,0.3095,,10/8/21,4,0.4112,923.3249,26.3708,8.162972382,,,,,,,,,,,,,,,,
BC-20-2021,BC-20-2021,BC-20-21,BC-L-20,6/2/2021 (BC),Early,Baird Canyon,6/11/21,60.73831,-144.5687,3.154,50.5,,4.7,,15.1,,7.7,37.2,M,0.074,1-A7,,,,,,,,,,2.932,1-A7,N,Y,5,Y,Y,0.034,10.3,9.9,14.1,11.6,9.6,7.6,6.9,4.7,,9/27/21,145,10/4/21,48,0.669,0.331,,10/5/21,2,0.2546,955.4635,27.0064,8.940049655,,,,,,,,,,,,,,,,
BC-21-2021,BC-21-2021,BC-21-21,BC-L-21,6/18/2021 (BC),Middle,Baird Canyon,6/24/21,60.73831,-144.5687,1.882,44.6,,3.9,,11.6,,7.2,28.5,F,0.166,1-D1,10,0.6253,,,,,4.1,,,1.642,1-C1,N,Y,5,Y,Y,0.066,6.1,7.8,4.6,4.7,1.6,1.7,1,1.2,,9/27/21,122,10/1/21,36.1,0.7041,0.2959,,10/5/21,4,0.3192,923.3249,26.0172,7.698532131,,,,,,,,,,,,,,,,
BC-22-2021,BC-22-2021,BC-22-21,BC-L-22,6/18/2021 (BC),Middle,Baird Canyon,6/25/21,60.73831,-144.5687,2.308,46.1,,5,,12.8,,7.6,31.6,M,0.092,1-E2,,,,,,,,,,2.128,1-C10,N,Y,5,Y,Y,0.05,8,10.3,6.8,10.1,4.6,5,2.3,2.5,,9/27/21,113,10/1/21,39,0.6549,0.3451,,10/5/21,2,0.3678,955.4635,25.918,8.945150442,,,,,,,,,,,,,,,,
BC-23-2021,BC-23-2021,BC-23-21,BC-L-23,6/18/2021 (BC),Middle,Baird Canyon,6/25/21,60.73831,-144.5687,2.256,44.2,,4.5,,13.2,,7.5,32.8,M,0.094,1-E4,,,,,,,,,,2.084,1-C12,N,Y,5,Y,Y,0.048,6,7,7.2,6.4,2.6,1.9,2.9,1.3,,9/27/21,102,10/4/21,32,0.6863,0.3137,,10/5/21,4,0.3031,923.3249,26.0289,8.165929412,,,,,,,,,,,,,,,,
BC-24-2021,BC-24-2021,BC-24-21,BC-L-24,6/18/2021 (BC),Middle,Baird Canyon,6/25/21,60.73831,-144.5687,3.492,51.1,,5.6,,14.6,,8.1,36.9,M,0.074,1-D7,,,,,,,,,,3.276,1-C7,N,Y,5,Y,Y,0.038,8.5,9.5,6.5,8.8,4.4,4.2,2.9,2.1,,9/27/21,115,10/4/21,38.8,0.6626,0.3374,,10/5/21,2,0.5057,955.4635,28.4147,9.586872696,,,,,,,,,,,,,,,,
BC-25-2021,BC-25-2021,BC-25-21,BC-L-25,6/18/2021 (BC),Middle,Baird Canyon,6/25/21,60.73831,-144.5687,2.022,46.2,,4.8,,12.2,,6.7,30,M,0.044,1-E8,,,,,,,,,,1.894,1-D4,N,Y,5,Y,Y,0.022,8.6,10.1,8.5,12.2,4.5,4.5,2.7,4.4,,9/27/21,107,10/4/21,36.8,0.6561,0.3439,,10/5/21,4,0.3928,923.3249,26.7186,9.189200748,,,,,,,,,,,,,,,,
BC-26-2021,BC-26-2021,BC-26-21,BC-L-26,6/18/2021 (BC),Middle,Baird Canyon,6/25/21,60.73831,-144.5687,1.396,37.4,,3.6,,11.4,,6.4,27.3,M,0.086,1-E6,,,,,,,,,,1.262,1-D2,N,Y,5,Y,Y,0.044,6,5.9,3.9,4.7,1.8,1.9,1.1,2,,9/27/21,116,10/4/21,34.2,0.7052,0.2948,,10/5/21,2,0.4059,955.4635,26.1898,7.721475517,,,,,,,,,,,,,,,,
BC-27-2021,BC-27-2021,BC-27-21,BC-L-27,6/18/2021 (BC),Middle,Baird Canyon,6/24/21,60.73831,-144.5687,1.546,40.1,,3,,10.5,,7.2,26.9,F,0.194,1-C5,10,0.859,,,,,5.5,,,1.28,1-B9,N,Y,5,Y,Y,0.09,4.1,5.3,4.5,5.1,4.2,3.2,1.2,1.4,,9/27/21,124,10/1/21,32.9,0.7347,0.2653,,10/5/21,4,0.3167,923.3249,25.0733,6.652512661,,,,,,,,,,,,,,,,
BC-28-2021,BC-28-2021,BC-28-21,BC-L-28,6/18/2021 (BC),Middle,Baird Canyon,6/25/21,60.73831,-144.5687,1.964,44.9,,4.2,,11.7,,7.2,29.7,M,0.066,1-E3,,,,,,,,,,1.822,1-C11,N,Y,5,Y,Y,0.032,9,8,6.4,7.2,2.8,2.7,2.2,2.2,,9/27/21,134,10/4/21,45.9,0.6575,0.3425,,10/5/21,2,0.3182,955.4635,26.7156,9.151089851,,,,,,,,,,,,,,,,
BC-29-2021,BC-29-2021,BC-29-21,BC-L-29,6/18/2021 (BC),Middle,Baird Canyon,6/24/21,60.73831,-144.5687,2.126,45.5,,3.5,,11.8,,6.7,30,F,0.11,1-D4,10,0.401,,,,,4.3,,,1.918,1-C4,N,Y,5,Y,Y,0.048,10.4,11.7,8.4,8.5,4.3,4.3,3.6,4.1,,9/27/21,119,10/1/21,43.1,0.6378,0.3622,,10/5/21,4,0.3067,923.3249,24.0307,8.70355605,,,,,,,,,,,,,,,,
BC-30-2021,BC-30-2021,BC-30-21,BC-L-30,6/18/2021 (BC),Middle,Baird Canyon,6/24/21,60.73831,-144.5687,2.546,49,,4.1,,13.3,,7.9,32.5,F,0.06,1-C8,10,0.5788,,,,,3.9,,,2.352,1-B12,N,Y,5,Y,Y,0.06,15.3,15.7,12.1,13.2,8.9,7.1,4.5,3.4,,9/27/21,101,10/4/21,38.2,0.6218,0.3782,,10/5/21,2,0.2617,955.4635,28.2575,10.6874901,,,,,,,,,,,,,,,,
BC-31-2021,BC-31-2021,BC-31-21,BC-L-31,6/18/2021 (BC),Middle,Baird Canyon,6/24/21,60.73831,-144.5687,2.308,48.5,,4,,12.8,,7.1,32,F,0.094,1-C7,10,0.4008,,,,,3.2,,,2.134,1-B11,N,Y,5,Y,Y,0.046,20.6,19,15.8,15.5,9.7,6.8,4.5,3.4,,9/27/21,122,10/1/21,43.2,0.6459,0.3541,,10/5/21,4,0.3024,923.3249,26.4667,9.371815082,,,,,,,,,,,,,,,,
BC-32-2021,BC-32-2021,BC-32-21,BC-L-32,6/18/2021 (BC),Middle,Baird Canyon,6/24/21,60.73831,-144.5687,1.934,44,,4,,12.2,,7.3,29.8,F,0.074,1-C6,10,0.4018,,,,,3.6,,,1.79,1-B10,N,Y,5,Y,Y,0.034,16.4,17.4,13,13.1,6.3,6.8,4.1,3.5,,9/27/21,104,10/1/21,35.3,0.6606,0.3394,,10/5/21,2,0.2865,955.4635,26.4787,8.987481827,,,,,,,,,,,,,,,,
BC-33-2021,BC-33-2021,BC-33-21,BC-L-33,6/18/2021 (BC),Middle,Baird Canyon,6/24/21,60.73831,-144.5687,2.418,48.8,,3.5,,12.9,,7.1,31.3,F,0.112,1-D2,10,0.3886,,,,,3.7,,,2.204,1-C2,N,Y,5,Y,Y,0.056,15.3,15.5,13.4,13.1,9,7.6,4.9,5.1,,9/27/21,92,10/1/21,32.1,0.6511,0.3489,,10/5/21,4,0.4372,923.3249,26.8033,9.352020978,2,0.3798,955.4635,27.7401,9.678882717,,,,,,,,,,,
BC-34-2021,BC-34-2021,BC-34-21,BC-L-34,6/18/2021 (BC),Middle,Baird Canyon,6/24/21,60.73831,-144.5687,1.906,44.5,,3.5,,11.2,,7.5,29,F,0.188,1-D5,10,0.7367,,,,,4.7,,,1.63,1-C5,N,Y,5,Y,Y,0.096,10.8,9.3,6.7,8,2.8,3.4,1.3,2.4,,9/27/21,103,10/1/21,34.8,0.6621,0.3379,,10/5/21,4,0.2759,923.3249,26.8691,9.078103689,,,,,,,,,,,,,,,,
BC-35-2021,BC-35-2021,BC-35-21,BC-L-35,6/18/2021 (BC),Middle,Baird Canyon,6/25/21,60.73831,-144.5687,2.3,48.1,,4.4,,12.7,,7.4,31.6,M,0.056,1-E1,,,,,,,,,,2.168,1-C9,N,Y,5,Y,Y,0.028,9.3,9.5,7,7.3,2.9,3,1.6,1.4,,9/27/21,106,10/1/21,36.9,0.6519,0.3481,,10/5/21,2,0.271,955.4635,27.4529,9.556717075,,,,,,,,,,,,,,,,
BC-36-2021,BC-36-2021,BC-36-21,BC-L-36,6/18/2021 (BC),Middle,Baird Canyon,6/25/21,60.73831,-144.5687,2.016,43.9,,4.4,,12.4,,7.1,30.5,M,0.068,1-D8,,,,,,,,,,1.864,1-C8,N,Y,5,Y,Y,0.032,8,7.9,5.3,6.1,2.2,2,1.8,1.7,,9/27/21,152,10/4/21,48.7,0.6796,0.3204,,10/5/21,2,0.3106,955.4635,26.3307,8.436217697,,,,,,,,,,,,,,,,
BC-37-2021,BC-37-2021,BC-37-21,BC-L-37,6/18/2021 (BC),Middle,Baird Canyon,6/25/21,60.73831,-144.5687,2.668,48.8,,4.3,,13.7,,6.6,33,M,0.078,1-E5,,,,,,,,,,2.468,1-D1,N,Y,5,Y,Y,0.036,4.9,5.3,4.3,5.1,1.8,1.7,1.3,1.3,,9/27/21,115,10/4/21,35.9,0.6878,0.3122,,10/5/21,4,0.2958,923.3249,25.2136,7.871028174,,,,,,,,,,,,,,,,
BC-38-2021,BC-38-2021,BC-38-21,BC-L-38,6/18/2021 (BC),Middle,Baird Canyon,6/25/21,60.73831,-144.5687,2,44,,4.1,,12.5,,7.5,30.6,M,0.086,1-E7,,,,,,,,,,1.846,1-D3,N,Y,5,Y,Y,0.046,3.7,4,4.1,3.8,1.6,1.4,1.2,1,,10/4/21,118,10/8/21,34.7,0.7059,0.2941,,10/8/21,2,0.308,955.4635,26.0478,7.659819153,4,0.2924,923.3249,25.1529,7.396657881,,,,,,,,,,,
BC-39-2021,BC-39-2021,BC-39-21,BC-L-39,6/18/2021 (BC),Middle,Baird Canyon,6/24/21,60.73831,-144.5687,1.752,43.2,,2.9,,11.5,,6.8,28.4,F,0.138,1-D6,10,0.626,,,,,4.1,,,1.538,1-C6,N,Y,5,Y,Y,0.068,9.1,7.4,6.5,6.3,2.4,2.6,1.6,2.2,,9/27/21,121,10/1/21,39.2,0.676,0.324,,10/5/21,2,0.3416,955.4635,27.2615,8.831824793,,,,,,,,,,,,,,,,
BC-40-2021,BC-40-2021,BC-40-21,BC-L-40,6/18/2021 (BC),Middle,Baird Canyon,6/24/21,60.73831,-144.5687,1.862,42.9,,3.8,,11.5,,6.8,28.5,F,0.136,1-D3,10,0.5761,,,,,4.6,,,1.646,1-C3,N,Y,5,Y,Y,0.062,6.9,7.6,6.6,6.9,1.8,2.3,1.2,1.8,,10/4/21,112.2,10/8/21,35.3,0.6854,0.3146,,10/8/21,2,0.305,955.4635,27.1877,8.553705971,,,,,,,,,,,,,,,,
BC-41-2021,BC-41-2021,BC-41-21,BC-L-41,7/8/2021 (BC),Late,Baird Canyon,7/24/21,60.73831,-144.5687,2.19,45.2,,4.3,,13.1,,6.9,31.9,F,0.148,3-A5,10,0.3738,,,,,4,,,1.966,2-A5,N,Y,5,Y,Y,0.078,9.2,9.1,6.4,8.9,3.7,5.3,3.3,4.8,,9/27/21,69,10/1/21,23.7,0.6565,0.3435,,10/5/21,4,0.2655,923.3249,26.6856,9.165923478,,,,,,,,,,,,,,,,
BC-42-2021,BC-42-2021,BC-42-21,BC-L-42,7/8/2021 (BC),Late,Baird Canyon,7/24/21,60.73831,-144.5687,2.43,49.9,,3.8,,11.8,,6.9,30.2,F,0.152,3-B1,10,0.414,,,,,4.4,,,2.206,2-A9,Y,Y,5,Y,Y,0.074,9,8.5,5.1,8.1,2.3,4,1.8,3.5,,10/4/21,117.2,10/8/21,41.1,0.6493,0.3507,,10/8/21,4,0.3305,923.3249,26.7827,9.392226706,,,,,,,,,,,,,,,,
BC-43-2021,BC-43-2021,BC-43-21,BC-L-43,7/8/2021 (BC),Late,Baird Canyon,7/24/21,60.73831,-144.5687,2.164,46.7,,4.1,,12.2,,6.5,30.5,F,0.112,3-B2,10,0.1996,,,,,3.8,,,1.966,2-A10,N,Y,6,Y,Y,0.052,8,6.7,6.4,6.6,3.8,5.8,3.9,4.1,,9/27/21,83,10/4/21,28.2,0.6602,0.3398,,10/5/21,2,0.2934,955.4635,26.6235,9.045574699,,,,,,,,,,,,,,,,
BC-44-2021,BC-44-2021,BC-44-21,BC-L-44,7/8/2021 (BC),Late,Baird Canyon,7/23/21,60.73831,-144.5687,2.368,46.1,,5.3,,12.3,,7.1,31,M,0.042,2-C6,,,,,,,,,,2.252,1-F10,Y,Y,6,Y,Y,0.022,6.3,6.6,6.1,6.6,1.9,3.5,2.6,3.2,,9/27/21,85,10/1/21,29.5,0.6529,0.3471,,10/5/21,4,0.2868,923.3249,26.7043,9.267962941,,,,,,,,,,,,,,,,
BC-45-2021,BC-45-2021,BC-45-21,BC-L-45,7/8/2021 (BC),Late,Baird Canyon,7/24/21,60.73831,-144.5687,1.762,41.4,,2.8,,11.2,,6.8,28.7,F,0.138,3-B3,10,0.3523,,,,,4.2,,,1.552,2-A11,N,Y,5,Y,Y,0.064,3.4,3.7,3.1,2.9,2.6,4.1,1.2,1.6,,9/27/21,87,10/1/21,26.8,0.692,0.308,,10/5/21,2,0.3052,955.4635,25.0496,7.716428506,,,,,,,,,,,,,,,,
BC-46-2021,BC-46-2021,BC-46-21,BC-L-46,7/8/2021 (BC),Late,Baird Canyon,7/24/21,60.73831,-144.5687,2.244,47.4,,3.5,,12.1,,6.8,30.7,F,0.17,3-B5,10,0.3948,,,,,4.25,,,2.004,2-B1,N,Y,5,Y,Y,0.074,3,2.8,2.6,1.7,0.8,1.2,1.4,0.9,,9/27/21,95,10/1/21,31.2,0.6716,0.3284,,10/5/21,4,0.3209,923.3249,24.7605,8.131869474,,,,,,,,,,,,,,,,
BC-47-2021,BC-47-2021,BC-47-21,BC-L-47,7/8/2021 (BC),Late,Baird Canyon,7/24/21,60.73831,-144.5687,1.898,44.5,,4.9,,11.3,,6.5,28.2,M,0.068,3-B6,,,,,,,,,,1.77,2-B2,N,Y,6,Y,Y,0.032,7.3,5.7,6.7,5.3,4.5,4.7,2.8,3.9,,9/27/21,114,10/1/21,37.7,0.6693,0.3307,,10/5/21,2,0.2791,955.4635,27.1564,8.980669123,,,,,,,,,,,,,,,,
BC-48-2021,BC-48-2021,BC-48-21,BC-L-48,7/8/2021 (BC),Late,Baird Canyon,7/23/21,60.73831,-144.5687,2.31,47.1,,4.7,,12.4,,7.1,31.7,M,0.05,2-C5,,,,,,,,,,2.2,1-F9,N,Y,6,Y,Y,0.028,7.4,8,7.8,8.5,2.8,6.2,3.1,6.1,,9/27/21,121,10/1/21,41.3,0.6587,0.3413,,10/5/21,4,0.3354,923.3249,25.7988,8.805706116,,,,,,,,,,,,,,,,
BC-49-2021,BC-49-2021,BC-49-21,BC-L-49,7/8/2021 (BC),Late,Baird Canyon,7/24/21,60.73831,-144.5687,2.172,46.8,,3.1,,11.6,,6.5,29.6,F,0.136,3-B4,10,0.3098,,,,,4,,,1.954,2-A12,N,Y,5,Y,Y,0.07,6.5,7.6,6.2,6.2,4.4,3,1.7,1.9,,9/27/21,92,10/1/21,29.9,0.675,0.325,,10/5/21,2,0.3456,955.4635,25.7946,8.383245,,,,,,,,,,,,,,,,
BC-50-2021,BC-50-2021,BC-50-21,BC-L-50,7/8/2021 (BC),Late,Baird Canyon,7/23/21,60.73831,-144.5687,2.45,48.7,,4.8,,12.2,,7.5,30.5,M,0.036,2-D5,,,,,,,,,,2.342,1-G5,Y,Y,5,Y,Y,0.016,8.4,8.3,6.7,6.1,2.9,4.2,1.6,2.2,,10/5/21,88,10/8/21,28.4,0.6773,0.3227,,10/8/21,2,0.3522,955.4635,27.0375,8.725738636,,,,,,,,,,,,,,,,
BC-51-2021,BC-51-2021,BC-51-21,BC-L-51,7/8/2021 (BC),Late,Baird Canyon,7/23/21,60.73831,-144.5687,2.544,48,,5.5,,13,,7.4,32.6,M,0.046,2-C7,,,,,,,,,,2.394,1-F11,N,Y,5,Y,Y,0.022,6.4,5.5,3.7,5.7,2.2,3.2,2.2,1.8,,10/4/21,81.6,10/7/21,26.8,0.6716,0.3284,,10/8/21,4,0.4261,923.3249,26.5413,8.716995588,,,,,,,,,,,,,,,,
BC-52-2021,BC-52-2021,BC-52-21,BC-L-52,7/8/2021 (BC),Late,Baird Canyon,7/24/21,60.73831,-144.5687,1.4,39.5,,3.1,,9.9,,6,26.6,F,0.086,3-B8,10,0.3831,,,,,4.3,,,1.264,2-B4,N,Y,5,Y,Y,0.04,6.1,6.1,5.8,4.8,2.8,3.4,3.1,3.8,,10/4/21,83.4,10/7/21,29,0.6523,0.3477,,10/8/21,2,0.1921,955.4635,26.7011,9.284555156,,,,,,,,,,,,,,,,
BC-53-2021,BC-53-2021,BC-53-21,BC-L-53,7/8/2021 (BC),Late,Baird Canyon,7/23/21,60.73831,-144.5687,2.274,45.6,,5,,12.5,,7.3,31.8,M,0.048,2-D2,,,,,,,,,,2.158,1-G2,N,Y,5,Y,Y,0.026,2.9,3.4,1.9,2.5,1.4,1.5,1.1,1.3,,10/4/21,87.5,10/8/21,28,0.68,0.32,,10/8/21,4,0.3117,923.3249,26.1436,8.365952,,,,,,,,,,,,,,,,
BC-54-2021,BC-54-2021,BC-54-21,BC-L-54,7/8/2021 (BC),Late,Baird Canyon,7/23/21,60.73831,-144.5687,0.614,30.1,,2.7,,8.7,,4.9,20.5,M,0.06,2-C4,,,,,,,,,,0.542,1-F8,NO READ,Y,5,Y,Y,0.03,1,1.8,0.8,1.7,0.7,0.8,0.7,0.9,,10/4/21,56.8,10/7/21,14.7,0.7412,0.2588,,10/8/21,2,0.2764,955.4635,23.9872,6.20795493,,,,,,,,,,,,,,,,
BC-55-2021,BC-55-2021,BC-55-21,BC-L-55,7/8/2021 (BC),Late,Baird Canyon,7/23/21,60.73831,-144.5687,2.002,46.1,,4.3,,11.7,,6.4,29.7,M,0.094,2-D1,,,,,,,,,,1.84,1-G1,N,Y,5,Y,Y,0.046,5.4,6.7,4.3,4.8,2.1,2.3,1.3,1.8,,10/4/21,81.2,10/8/21,26.2,0.6773,0.3227,,10/8/21,4,0.287,923.3249,26.083,8.41594335,,,,,,,,,,,,,,,,
BC-56-2021,BC-56-2021,BC-56-21,BC-L-56,7/8/2021 (BC),Late,Baird Canyon,7/23/21,60.73831,-144.5687,2.65,47.7,,6.2,,13.2,,7.5,32.4,M,0.082,2-D4,,,,,,,,,,2.508,1-G4,N,Y,5,Y,Y,0.04,1,1,0.7,0.8,0.6,1.2,0.5,0.7,,10/4/21,117.4,10/8/21,32.7,0.7215,0.2785,,10/8/21,2,0.2593,955.4635,24.6501,6.865913714,,,,,,,,,,,,,,,,
BC-57-2021,BC-57-2021,BC-57-21,BC-L-57,7/8/2021 (BC),Late,Baird Canyon,7/24/21,60.73831,-144.5687,1.14,39,,3,,9.1,,5.8,23.5,F,0.076,3-A7,10,0.3482,,,,,4,,,1.024,2-A7,N,Y,5,Y,Y,0.044,7.5,6.7,4.7,6,4.5,6.7,2.6,2.5,,10/4/21,79,10/7/21,24.4,0.6911,0.3089,,10/8/21,4,0.3116,923.3249,26.697,8.245655696,,,,,,,,,,,,,,,,
BC-58-2021,BC-58-2021,BC-58-21,BC-L-58,7/8/2021 (BC),Late,Baird Canyon,7/23/21,60.73831,-144.5687,2.364,48,,4.5,,12.8,,7,31.5,M,0.056,2-C8,,,,,,,,,,2.24,1-F12,N,Y,5,Y,Y,0.03,4.7,4.8,4,4.3,1,1.8,0.8,1.2,,10/4/21,83.9,10/7/21,25,0.702,0.298,,10/8/21,2,0.2917,955.4635,26.3691,7.857300358,,,,,,,,,,,,,,,,
BC-59-2021,BC-59-2021,BC-59-21,BC-L-59,7/8/2021 (BC),Late,Baird Canyon,7/24/21,60.73831,-144.5687,1.548,42.8,,3,,10,,6.6,26.4,F,0.11,3-B7,10,0.4809,,,,,5.05,,,1.388,2-B3,N,Y,5,Y,Y,0.048,7.3,6.3,6.3,5.4,3,4.6,2.9,4.1,,10/4/21,97.1,10/8/21,33.1,0.6591,0.3409,,10/8/21,4,0.4367,923.3249,26.5385,9.046594748,,,,,,,,,,,,,,,,
BC-60-2021,BC-60-2021,BC-60-21,BC-L-60,7/8/2021 (BC),Late,Baird Canyon,7/23/21,60.73831,-144.5687,2.85,49.4,,6.5,,13.2,,7.7,33.5,M,0.076,2-D3,,,,,,,,,,2.704,1-G3,N,Y,5,Y,Y,0.036,0.7,0.6,0.6,0.6,0.6,0.6,0.6,0.6,,10/4/21,80.5,10/7/21,22,0.7267,0.2733,,10/8/21,2,0.279,955.4635,23.1759,6.333786335,,,,,,,,,,,,,,,,
KL-1-2021,KL-1-2021,KL-1-21,KL-L-1,7/5/2021 (KL),,Klutina Lake,7/23/21,61.95150431,-145.3324535,1.942,45,,4.3,,11.3,,6.8,28.5,M,0.064,2-B8,,,,,,,,,,1.81,1-F4,N,Y,5,Y,Y,0.03,0.8,0.7,0.7,1,1,0.9,1.1,1.3,,10/6/21,91.8,10/11/21,23.3,0.7462,0.2538,,10/12/21,4,0.4248,923.3249,23.1143,5.866701416,,,,,,,,,,,,,,,,
KL-2-2021,KL-2-2021,KL-2-21,KL-L-2,7/5/2021 (KL),,Klutina Lake,7/23/21,61.95150431,-145.3324535,2.276,49,,7,,12.8,,7.1,30.6,M,0.044,2-A3,,,,,,,,,,2.17,1-E3,N,Y,5,Y,Y,0.024,0.5,0.5,0.6,0.5,0.4,0.6,1,1.1,,10/6/21,118.6,10/11/21,25.6,0.7841,0.2159,,10/12/21,2,0.3845,955.4635,21.2564,4.588227993,4,0.3751,923.3249,19.5435,4.218495784,,,,,,,,,,,
KL-3-2021,KL-3-2021,KL-3-21,KL-L-3,7/11/2021 (KL),,Klutina Lake,7/24/21,61.95150431,-145.3324535,1.824,45.3,,4.2,,11.6,,6.8,27.9,F,0.244,2-E6,5,0.2287,,,,,4.8,,,1.512,1-H2,N,Y,5,Y,Y,0.102,1.5,1.2,1.2,1.1,1.3,1.3,1.2,1.2,,10/6/21,128.9,10/11/21,33.6,0.7393,0.2607,,10/12/21,2,0.3117,955.4635,25.2245,6.575199379,,,,,,,,,,,,,,,,
KL-4-2021,KL-4-2021,KL-4-21,KL-L-4,7/11/2021 (KL),,Klutina Lake,7/24/21,61.95150431,-145.3324535,1.848,45.8,,4.9,,11,,6.6,28,F,0.208,2-E2,5,0.2744,,,,,4.6,,,1.588,1-G10,N,Y,5,Y,Y,0.1,1.2,1.1,1.3,1.2,1.3,1.2,1.1,0.8,,10/6/21,123.4,10/11/21,32.6,0.7358,0.2642,,10/12/21,4,0.3177,923.3249,23.6022,6.235265154,,,,,,,,,,,,,,,,
KL-5-2021,KL-5-2021,KL-5-21,KL-L-5,7/13/2021 (KL),,Klutina Lake,7/23/21,61.95150431,-145.3324535,2.128,45.7,,5,,12.3,,7.3,29.7,M,0.058,2-B7,,,,,,,,,,2.004,1-F3,N,Y,5,Y,Y,0.028,0.9,0.8,0.7,0.9,0.5,1,0.6,1.4,,10/6/21,97.4,10/11/21,26.2,0.731,0.269,,10/12/21,2,0.2668,955.4635,23.8007,6.402241684,,,,,,,,,,,,,,,,
KL-6-2021,KL-6-2021,KL-6-21,KL-L-6,7/13/2021 (KL),,Klutina Lake,7/24/21,61.95150431,-145.3324535,1.582,44,,4.3,,10.5,,6.5,26.8,F,0.168,2-E5,5,0.2523,,,,,4.95,,,1.352,1-H1,N,Y,5,Y,Y,0.086,1.8,1.7,1.2,1.3,1.7,1.2,0.6,1.1,,10/6/21,87.8,10/11/21,23.2,0.7358,0.2642,,10/12/21,4,0.2005,923.3249,23.7654,6.279695672,,,,,,,,,,,,,,,,
KL-7-2021,KL-7-2021,KL-7-21,KL-L-7,7/13/2021 (KL),,Klutina Lake,7/23/21,61.95150431,-145.3324535,2.322,48.2,,5,,12.2,,7.2,30.5,M,0.056,2-C1,,,,,,,,,,2.166,1-F5,N,Y,5,Y,Y,0.028,1.5,1.5,1.4,0.8,1,0.8,1.4,0.8,,10/6/21,90.4,10/11/21,26.5,0.7069,0.2931,,10/12/21,2,0.2595,955.4635,24.6985,7.240157633,,,,,,,,,,,,,,,,
UKL-1-2021,UKL-1-2021,UKL-1-21,UKL-1,8/10/2021 (Upper Klutina),,Upper Klutina,9/3/21,61.751416,-145.716282,2.1,45.8,,7.6,,13.9,,7.5,31.8,M,0.1,3-C7,,,,,,,,,,1.862,2-B11,N,Y,5,Y,Y,0.05,0.7,0.9,1.1,1,1.2,0.5,1.1,0.4,,10/6/21,128.8,10/11/21,33.4,0.7407,0.2593,,10/12/21,4,0.3324,923.3249,23.7464,6.157839752,,,,,,,,,,,,,,,,
MA-1-2021,MA-1-2021,MA-1-21,MA-1,7/18/2021 (MA),,Mahlo,7/24/21,61.73588,-145.7294181,2.022,43.6,,5.3,,13.6,,6.5,31.8,F,0.378,2-F7,6,0.7286,,,,,6.2,,,1.582,1-H11,N,Y,5,Y,Y,0.176,1.1,1,1.3,0.9,0.8,0.8,0.9,1,,10/6/21,130.8,10/11/21,32.2,0.7538,0.2462,,10/12/21,2,0.2932,955.4635,25.1648,6.195004281,,,,,,,,,,,,,,,,
MA-2-2021,MA-2-2021,MA-2-21,MA-2,7/18/2021 (MA),,Mahlo,7/24/21,61.73588,-145.7294181,1.928,43.3,,5,,12.5,,6.3,30.5,F,0.374,2-F3,7,0.654,,,,,5.6,,,1.498,1-H7,N,Y,5,Y,Y,0.17,0.8,1,0.8,0.8,0.7,0.6,1,0.8,,10/6/21,141.9,10/11/21,36.2,0.7449,0.2551,,10/12/21,4,0.2923,923.3249,24.3645,6.215608879,,,,,,,,,,,,,,,,
MA-3-2021,MA-3-2021,MA-3-21,MA-3,7/18/2021 (MA),,Mahlo,7/23/21,61.73588,-145.7294181,1.808,40.5,,7,,14.4,,6.5,31.6,M,0.068,1-F1,,,,,,,,,,1.656,1-D5,N,Y,5,Y,Y,0.042,0.6,0.4,0.6,0.4,0.6,0.4,0.6,0.5,,10/6/21,109.5,10/11/21,24,0.7808,0.2192,,10/12/21,2,0.3227,955.4635,22.8666,5.011857534,,,,,,,,,,,,,,,,
MA-4-2021,MA-4-2021,MA-4-21,MA-4,7/18/2021 (MA),,Mahlo,7/23/21,61.73588,-145.7294181,1.768,44.3,,7,,13.3,,6,30.3,M,0.054,1-F3,,,,,,,,,,1.65,1-D7,N,Y,5,Y,Y,0.028,0.5,0.5,0.4,0.4,0.5,0.6,0.6,0.6,,10/6/21,117.3,10/11/21,25.4,0.7835,0.2165,,10/12/21,4,0.2785,923.3249,20.4498,4.428174936,,,,,,,,,,,,,,,,
MA-5-2021,MA-5-2021,MA-5-21,MA-5,7/18/2021 (MA),,Mahlo,7/23/21,61.73588,-145.7294181,2.238,46.1,,8.4,,14.3,,6.3,33.9,M,0.05,1-F2,,,,,,,,,,2.106,1-D6,N,Y,5,Y,Y,0.024,0.6,0.4,0.7,0.5,0.6,0.5,0.6,0.5,,10/6/21,112,10/11/21,26.3,0.7652,0.2348,,10/12/21,2,0.2094,955.4635,23.7454,5.57592875,,,,,,,,,,,,,,,,
MA-6-2021,MA-6-2021,MA-6-21,MA-6,7/18/2021 (MA),,Mahlo,7/23/21,61.73588,-145.7294181,2.678,50,,8.4,,16.8,,6.7,36.8,M,0.066,1-F4,,,,,,,,,,2.494,1-D8,N,Y,5,Y,Y,0.034,0.5,0.5,0.5,0.6,0.6,0.7,0.7,0.8,,10/6/21,131.9,10/11/21,29.3,0.7779,0.2221,,10/12/21,4,0.3282,923.3249,22.3332,4.961052009,,,,,,,,,,,,,,,,
MA-7-2021,MA-7-2021,MA-7-21,MA-7,7/18/2021 (MA),,Mahlo,7/24/21,61.73588,-145.7294181,1.752,43.2,,4.8,,12.5,,6.6,29,F,0.336,2-F4,6,0.499,,,,,5.65,,,1.378,1-H8,N,Y,5,Y,Y,0.15,0.6,0.6,0.5,0.7,0.6,0.6,0.5,0.7,,10/6/21,123.1,10/11/21,27.8,0.7742,0.2258,,10/12/21,2,0.2709,955.4635,23.6048,5.330734687,,,,,,,,,,,,,,,,
MA-8-2021,MA-8-2021,MA-8-21,MA-8,7/18/2021 (MA),,Mahlo,7/23/21,61.73588,-145.7294181,2.33,47.3,,7.6,,16,,6,35.4,M,0.048,1-F5,,,,,,,,,,2.18,1-D9,N,Y,5,Y,Y,0.024,0.6,0.5,0.5,0.5,0.6,0.7,0.6,0.7,,10/6/21,92.8,10/11/21,21.4,0.7694,0.2306,,10/12/21,4,0.2015,923.3249,22.2291,5.126107112,,,,,,,,,,,,,,,,
MA-9-2021,MA-9-2021,MA-9-21,MA-9,7/18/2021 (MA),,Mahlo,7/24/21,61.73588,-145.7294181,1.874,45.2,,3.8,,12.3,,7.2,30.4,F,0.356,3-A4,10,1.2,,,,,5.95,,,1.474,2-A4,N,Y,5,Y,Y,0.202,0.5,0.8,0.4,1,0.5,1.1,0.5,1.3,,10/6/21,109.4,10/11/21,25.7,0.7651,0.2349,,10/12/21,2,0.3686,955.4635,23.264,5.465126143,4,0.3181,923.3249,21.2536,4.992847532,,,,,,,,,,,
MA-10-2021,MA-10-2021,MA-10-21,MA-10,7/18/2021 (MA),,Mahlo,7/24/21,61.73588,-145.7294181,1.686,43.3,,3.7,,11.3,,6.8,28.2,F,0.33,3-A8,10,1.1884,,,,,6.05,,,1.292,2-A8,N,Y,5,Y,Y,0.148,0.5,1,0.5,0.8,0.4,0.6,0.5,0.7,,10/6/21,83.1,10/11/21,20.9,0.7485,0.2515,,10/12/21,4,0.3308,955.4635,23.6591,5.950363297,,,,,,,,,,,,,,,,
MA-11-2021,MA-11-2021,MA-11-21,MA-11,8/10/2021 (MA),,Mahlo,9/3/21,61.73588,-145.7294181,2.274,46.6,,8.8,,16.5,,5.8,35.1,M,0.046,3-D5,,,,,,,,,,2.11,2-C5,N,Y,5,Y,Y,0.024,0.4,0.3,0.4,0.4,0.4,0.4,0.4,0.6,,10/6/21,112,10/11/21,19.9,0.8223,0.1777,,10/12/21,2,0.2298,923.3249,17.78,3.159125,,,,,,,,,,,,,,,,
MA-12-2021,MA-12-2021,MA-12-21,MA-12,8/10/21 (MA),,Mahlo,9/5/21,61.73588,-145.7294181,0.932,40.2,,3.2,,9.5,,4.3,22.4,F,,4-D4,8,0.4546,,,,,4.6,,,0.856,2-G4,N,Y,5,Y,N,,0.4,0.4,0.4,0.4,0.4,0.5,0.8,0.5,Partial Spawned,10/6/21,73,10/11/21,13.3,0.8178,0.1822,,10/12/21,4,0.236,955.8343,20.4226,3.720829863,,,,,,,,,,,,,,,,
MA-13-2021,MA-13-2021,MA-13-21,MA-13,8/10/2021 (MA),,Mahlo,9/4/21,61.73588,-145.7294181,0.712,36,,3.1,,9.2,,4.1,20.8,F,,4-A1,10,0.5562,,,,,3.7,,,0.606,2-E1,N,Y,6,Y,N,,0.4,0.4,0.3,0.4,0.4,0.4,0.8,0.4,,10/6/21,59.3,10/11/21,13,0.7808,0.2192,,10/12/21,2,0.2429,923.3249,17.2273,3.776642496,,,,,,,,,,,,,,,,
MA-14-2021,MA-14-2021,MA-14-21,MA-14,8/10/2021 (MA),,Mahlo,9/5/21,61.73588,-145.7294181,0.906,39.5,,3.8,,9.8,,4.3,22,F,,4-C4,8,0.6293,,,,,3.8,,,0.848,2-F8,N,Y,5,Y,N,,0.4,0.4,0.4,0.5,0.4,0.4,0.6,0.6,Spawned out,10/6/21,104.3,10/11/21,18.2,0.8255,0.1745,,10/12/21,4,0.2355,955.8343,19.0294,3.320566443,,,,,,,,,,,,,,,,
MA-15-2021,MA-15-2021,MA-15-21,MA-15,8/10/2021 (MA),,Mahlo,9/4/21,61.73588,-145.7294181,0.854,37.8,,3.4,,9.1,,4,21.6,F,,4-A5,5,0.4766,,,,,4.55,,,0.796,2-E5,N,Y,5,Y,N,,0.4,0.5,0.8,0.4,0.9,0.6,0.4,0.5,,10/7/21,47.2,10/10/21,10.5,0.7775,0.2225,,10/12/21,2,0.1814,923.3249,16.9026,3.760112288,,,,,,,,,,,,,,,,
MA-16-2021,MA-16-2021,MA-16-21,MA-16,8/10/2021 (MA),,Mahlo,9/5/21,61.73588,-145.7294181,0.992,40.1,,4.6,,10,,4.2,23.1,F,,4-D3,,,,,,,,,,0.936,2-G3,N,Y,5,Y,N,,0.4,0.8,0.4,0.4,0.5,0.5,1,0.5,spawned out,10/7/21,72.7,10/10/21,14.3,0.8033,0.1967,,10/12/21,4,0.2551,955.8343,19.8412,3.902739477,,,,,,,,,,,,,,,,
MA-17-2021,MA-17-2021,MA-17-21,MA-17,8/10/2021 (MA),,Mahlo,9/3/21,61.73588,-145.7294181,0.872,34,,5.4,,12,,4.3,25.7,M,0.026,3-C2,,,,,,,,,,0.816,2-B6,N,Y,5,Y,Y,0.014,0.5,0.4,0.5,0.5,0.5,0.4,0.5,0.4,,10/7/21,103.4,10/10/21,19.9,0.8075,0.1925,,10/12/21,2,0.3161,923.3249,20.9833,4.03837205,,,,,,,,,,,,,,,,
MA-18-2021,MA-18-2021,MA-18-21,MA-18,8/10/2021 (MA),,Mahlo,9/3/21,61.73588,-145.7294181,2.354,47,,9.1,,15.7,,6.5,35.5,M,0.048,3-E6,,,,,,,,,,2.226,2-D2,N,Y,5,Y,Y,0.024,0.4,0.3,0.3,0.3,0.5,0.7,0.4,0.5,,10/7/21,96.4,10/10/21,17.6,0.8174,0.1826,,10/12/21,4,0.3012,955.8343,19.8509,3.624230705,,,,,,,,,,,,,,,,
MA-19-2021,MA-19-2021,MA-19-21,MA-19,8/10/2021 (MA),,Mahlo,9/3/21,61.73588,-145.7294181,1.226,39,,5.8,,12.2,,5.1,27.5,M,0.04,3-C1,,,,,,,,,,1.136,2-B5,N,Y,5,Y,Y,0.022,0.8,0.5,0.7,0.6,0.6,0.5,0.6,0.4,,10/7/21,113.6,10/10/21,23.9,0.7896,0.2104,,10/12/21,4,0.4298,923.3249,19.7383,4.152688116,,,,,,,,,,,,,,,,
MA-20-2021,MA-20-2021,MA-20-21,MA-20,8/10/2021 (MA),,Mahlo,9/3/21,61.73588,-145.7294181,0.456,28,,3,,8.5,,3.8,19.6,M,0.024,3-C3,,,,,,,,,,0.416,2-B7,N,Y,5,Y,Y,0.012,1,0.7,1.1,0.6,1.6,0.5,1.7,0.8,,10/7/21,80.2,10/10/21,16.6,0.793,0.207,,10/12/21,2,0.3338,955.8343,21.2459,4.397530424,,,,,,,,,,,,,,,,
SA-1-2021,SA-1-2021,SA-1-21,SA-1,7/18/2021 (SA),,St Anne,7/24/21,61.73953006,-145.9685194,2.122,46.2,,4.4,,13.6,,6.9,31.7,F,0.408,2-F8,10,0.8256,,,,,6.2,,,1.624,1-H12,N,Y,5,Y,Y,0.2,0.5,0.9,0.5,0.5,0.6,0.7,0.7,0.9,,10/6/21,72.7,10/11/21,17.1,0.7648,0.2352,,10/12/21,4,0.3008,923.3249,23.5817,5.546727235,,,,,,,,,,,,,,,,
SA-2-2021,SA-2-2021,SA-2-21,SA-2,7/18/2021 (SA),,St Anne,7/23/21,61.73953006,-145.9685194,2.796,48.2,,8.3,,18.4,,6,40.7,M,0.046,1-F8,,,,,,,,,,2.626,1-D12,N,Y,5,Y,Y,0.02,0.4,0.4,0.5,0.4,0.4,0.4,0.5,0.5,,10/6/21,118.9,10/11/21,23.7,0.8007,0.1993,,10/12/21,2,0.2613,955.8343,22.3577,4.456496972,,,,,,,,,,,,,,,,
SA-3-2021,SA-3-2021,SA-3-21,SA-3,7/18/2021 (SA),,St Anne,7/24/21,61.73953006,-145.9685194,1.96,45.8,,5.6,,12.7,,6.3,30.2,F,0.382,2-F5,7,0.8175,,,,,5.6,,,1.538,1-H9,N,Y,5,Y,Y,0.176,0.7,0.7,0.7,0.6,0.7,0.6,0.6,0.7,,10/6/21,115.6,10/11/21,28.6,0.7526,0.2474,,10/12/21,4,0.3771,923.3249,22.171,5.485212803,,,,,,,,,,,,,,,,
SA-4-2021,SA-4-2021,SA-4-21,SA-4,7/18/2021 (SA),,St Anne,7/24/21,61.73953006,-145.9685194,1.722,44.2,,4.5,,12.8,,6.6,29.8,F,0.338,2-F6,7,0.9003,,,,,5.8,,,1.34,1-H10,N,Y,5,Y,Y,0.056,0.6,0.6,0.8,0.7,0.6,0.7,0.6,1,,10/6/21,144.6,10/11/21,33.9,0.7656,0.2344,,10/12/21,2,0.3161,955.8343,24.4966,5.742978838,4,0.337,923.3249,23.4965,5.50851556,,,,,,,,,,,
SA-5-2021,SA-5-2021,SA-5-21,SA-5,7/18/2021 (SA),,St Anne,7/23/21,61.73953006,-145.9685194,2.758,48.7,,8.2,,17.5,,6.4,38.2,M,0.048,1-F7,,,,,,,,,,,1-D11,N,Y,5,Y,Y,0.026,0.5,0.4,0.6,0.4,0.5,0.5,0.5,0.5,,10/6/21,112,10/11/21,24.4,0.7821,0.2179,,10/13/21,4,0.322,955.8343,21.1558,4.608942143,,,,,,,,,,,,,,,,
SA-6-2021,SA-6-2021,SA-6-21,SA-6,7/18/2021 (SA),,St Anne,7/23/21,61.73953006,-145.9685194,3.068,49.1,,7.3,,17.6,,6.7,39.5,M,0.05,1-F6,,,,,,,,,,2.894,1-D10,N,Y,5,Y,Y,0.022,0.6,0.5,0.4,0.5,0.5,0.5,0.5,0.5,,10/6/21,116.9,10/11/21,26.2,0.7759,0.2241,,10/13/21,2,0.2818,923.3249,21.6628,4.855135672,,,,,,,,,,,,,,,,
SA-7-2021,SA-7-2021,SA-7-21,SA-7,7/18/2021 (SA),,St Anne,7/24/21,61.73953006,-145.9685194,1.782,44.8,,3.8,,12.4,,6.2,30.1,F,0.346,3-A3,10,1.2252,,,,,5.8,,,1.382,2-A3,N,Y,5,Y,Y,0.126,0.4,0.6,0.4,0.4,0.4,0.5,0.6,1,,10/6/21,93.7,10/11/21,21.9,0.7663,0.2337,,10/13/21,4,0.3286,955.8343,21.604,5.049387407,,,,,,,,,,,,,,,,
SA-8-2021,SA-8-2021,SA-8-21,SA-8,7/18/2021 (SA),,St Anne,7/24/21,61.73953006,-145.9685194,1.89,46.2,,4,,13.1,,5.9,30.6,F,0.352,3-A2,10,0.996,,,,,6,,,1.554,2-A2,N,Y,5,Y,Y,0.036,0.8,0.5,0.4,0.4,0.4,0.6,0.5,0.7,,10/6/21,78.2,10/11/21,18.6,0.7621,0.2379,,10/13/21,2,0.36,923.3249,21.2416,5.052349872,,,,,,,,,,,,,,,,
SA-9-2021,SA-9-2021,SA-9-21,SA-9,7/18/2021 (SA),,St Anne,7/23/21,61.73953006,-145.9685194,2.686,46.2,,8.3,,16.8,,6.4,36.6,M,0.05,2-A2,,,,,,,,,,2.498,1-E2,N,Y,5,Y,Y,0.022,0.7,0.5,0.6,0.5,0.5,0.5,0.5,0.5,,10/6/21,120.9,10/11/21,24.3,0.799,0.201,,10/13/21,4,0.3059,955.8343,23.8329,4.790235484,,,,,,,,,,,,,,,,
SA-10-2021,SA-10-2021,SA-10-21,SA-10,7/18/2021 (SA),,St Anne,7/23/21,61.73953006,-145.9685194,2.842,49.5,,7,,17,,6.3,38.7,M,0.052,2-A1,,,,,,,,,,2.7,1-E1,N,Y,5,Y,Y,0.022,0.5,0.6,0.5,0.5,0.5,0.5,0.5,0.4,,10/6/21,114.1,10/11/21,23.8,0.7914,0.2086,,10/13/21,2,0.2655,923.3249,22.9338,4.783737423,,,,,,,,,,,,,,,,
SA-11-2021,SA-11-2021,SA-11-21,SA-11,8/10/2021 (SA),,St Anne,9/4/21,61.73953006,-145.9685194,0.978,39.5,,3.3,,9.5,,4.5,32.4,F,,4-A3,,,,,,,,,,0.924,2-E3,N,Y,5,Y,N,,0.4,0.4,0.5,0.4,0.5,0.4,0.7,0.9,spawned out completely,10/7/21,58.2,10/10/21,12.9,0.7784,0.2216,,10/13/21,4,0.2698,955.8343,20.0721,4.448970619,,,,,,,,,,,,,,,,
SA-12-2021,SA-12-2021,SA-12-21,SA-12,8/10/2021 (SA),,St Anne,9/4/21,61.73953006,-145.9685194,0.928,39.6,,3.4,,9.8,,4,22.5,F,,4-A4,,,,,,,,,,0.876,2-E4,N,Y,5,Y,N,,0.4,0.4,0.4,0.4,0.4,0.4,0.4,0.4,,10/11/21,43.8,10/14/21,9.7,0.7785,0.2215,,10/14/21,4,0.2145,923.3249,15.2788,3.383661187,,,,,,,,,,,,,,,,
SA-13-2021,SA-13-2021,SA-13-21,SA-13,8/10/2021 (SA),,St Anne,9/5/21,61.73953006,-145.9685194,0.982,40.6,,3.9,,9.7,,4.6,22.3,F,,4-C3,,,,,,,,,,0.92,2-F7,N,Y,5,Y,N,,0.4,0.4,0.4,0.4,0.4,0.4,0.7,0.4,spawned out,10/7/21,78.9,10/10/21,18.8,0.7617,0.2383,,10/13/21,2,0.32,923.3249,18.0336,4.296979468,,,,,,,,,,,,,,,,
SA-14-2021,SA-14-2021,SA-14-21,SA-14,8/10/2021 (SA),,St Anne,9/3/21,61.73953006,-145.9685194,1.218,43.5,,5,,10.5,,4.8,24.1,F,,3-D2,5,0.89,,,,,6.95,,,1.132,2-C2,N,Y,5,Y,N,,0.6,0.7,0.5,0.8,0.4,0.5,0.9,0.7,spawned out,10/7/21,66.3,10/10/21,15.6,0.7647,0.2353,,10/13/21,4,0.3028,955.8343,16.8897,3.974047059,,,,,,,,,,,,,,,,
SA-15-2021,SA-15-2021,SA-15-21,SA-15,8/10/2021 (SA),,St Anne,9/5/21,61.73953006,-145.9685194,1.166,42,,4.3,,10,,5.1,23.8,F,,4-B7,10,0.7787,,,,,4.9,,,1.026,2-F3,N,Y,5,Y,N,,0.4,0.8,0.8,0.6,0.5,0.4,0.8,0.5,Partial Spawned,10/11/21,107.9,10/15/21,20.5,0.81,0.19,,10/15/21,4,0.3435,923.3249,19.1818,3.644364226,,,,,,,,,,,,,,,,
SA-16-2021,SA-16-2021,SA-16-21,SA-16,8/10/2021 (SA),,St Anne,9/4/21,61.73953006,-145.9685194,2.04,47,,7.5,,14.4,,5.7,31.6,M,0.012,3-F3,,,,,,,,,,1.97,2-D7,N,Y,5,Y,Y,0.06,0.4,0.4,0.4,0.4,0.4,0.4,0.4,0.4,,10/11/21,71.3,10/14/21,15.2,0.7868,0.2132,,10/14/21,2,0.394,955.8343,19.9601,4.255168583,,,,,,,,,,,,,,,,
SA-17-2021,SA-17-2021,SA-17-21,SA-17,8/10/2021 (SA),,St Anne,9/4/21,61.73953006,-145.9685194,2.18,46.9,,7.4,,6.1,,5.2,35.4,M,0.02,3-E8,,,,,,,,,,2.07,2-D4,N,Y,5,Y,Y,0.01,0.7,0.4,0.7,0.3,0.4,0.4,0.4,0.4,,10/15/21,88.6,10/19/21,17.2,0.8059,0.1941,,10/19/21,2,0.4459,955.8343,19.44,3.773905192,,,,,,,,,,,,,,,,
SA-18-2021,SA-18-2021,SA-18-21,SA-18,8/10/2021 (SA),,St Anne,9/3/21,61.73953006,-145.9685194,2.25,49,,8.2,,14.2,,6.3,31.9,M,0.042,3-D8,,,,,,,,,,2.108,2-C8,N,Y,5,Y,Y,0.02,0.6,0.5,0.3,0.3,0.3,0.4,0.6,0.5,,10/11/21,97.8,10/15/21,17.5,0.8211,0.1789,,10/15/21,2,0.379,955.8343,18.9866,3.397397751,,,,,,,,,,,,,,,,
SA-19-2021,SA-19-2021,SA-19-21,SA-19,8/10/2021 (SA),,St Anne,9/3/21,61.73953006,-145.9685194,2.734,49.5,,8,,16.5,,5.9,36.8,M,0.046,3-D7,,,,,,,,,,2.584,2-C7,N,Y,5,Y,Y,0.028,0.7,0.4,0.7,0.6,0.9,0.7,0.8,0.8,,10/11/21,112.4,10/15/21,21.2,0.8114,0.1886,,10/15/21,4,0.3765,923.3249,20.5598,3.877827046,,,,,,,,,,,,,,,,
SA-20-2021,SA-20-2021,SA-20-21,SA-20,8/10/2021 (SA),,St Anne,9/3/21,61.73953006,-145.9685194,2.022,45.8,,7.6,,13.5,,5.9,30.7,M,0.046,3-D6,,,,,,,,,,1.908,2-C6,N,Y,5,Y,Y,0.024,0.7,0.5,0.5,0.9,0.6,0.8,0.5,0.7,,10/11/21,103.2,10/15/21,17.1,0.8343,0.1657,,10/15/21,2,0.3518,955.8343,21.2191,3.515955523,4,0.2837,923.3249,20.0082,3.315312209,,,,,,,,,,,
LL-1-2021,LL-1-2021,LL-1-21,LL-L-1,8/22/2021 (LL),,Long Lake,9/3/21,61.37920879,-143.30713,1.82,45.1,,5,,10.6,,6.1,26,M,0.054,3-E3,,,,,,,,,,1.694,2-C11,N,Y,5,Y,Y,0.028,0.8,0.8,1,1,0.6,0.7,0.6,1.3,,10/11/21,73,10/15/21,20.9,0.7137,0.2863,,10/15/21,2,0.357,955.8343,24.2812,6.951740822,,,,,,,,,,,,,,,,
LL-2-2021,LL-2-2021,LL-2-21,LL-L-2,8/22/2021 (LL),,Long Lake,9/4/21,61.37920879,-143.30713,1.454,42.8,,3.3,,10,,6.5,25.6,F,0.112,4-A7,9,0.38,,,,,3.4,,,1.308,2-E7,N,Y,5,Y,Y,0.052,0.8,0.9,0.7,0.8,0.7,0.9,0.8,0.8,,10/11/21,80.6,10/15/21,25.3,0.6861,0.3139,,10/15/21,4,0.4327,923.3249,24.2873,7.623681017,,,,,,,,,,,,,,,,
LL-3-2021,LL-3-2021,LL-3-21,LL-L-3,8/22/2021 (LL),,Long Lake,9/3/21,61.37920879,-143.30713,1.868,45.4,,5.4,,10.6,,6.2,27.4,M,0.046,3-F1,,,,,,,,,,1.748,2-C9,N,Y,5,Y,Y,0.026,0.7,0.8,1.3,0.7,1.3,0.8,1,1.2,,10/11/21,111.1,10/15/21,31.3,0.7183,0.2817,,10/15/21,2,0.3299,955.8343,24.6665,6.949247975,,,,,,,,,,,,,,,,
LL-4-2021,LL-4-2021,LL-4-21,LL-L-4,8/22/2021 (LL),,Long Lake,9/3/21,61.37920879,-143.30713,1.878,44.8,,5.8,,11.3,,6.4,28.5,M,0.062,3-E2,,,,,,,,,,1.758,2-C10,N,Y,5,Y,Y,0.032,0.8,0.7,0.7,0.6,0.7,1.1,1.1,1.2,,10/11/21,107.5,10/15/21,28.9,0.7312,0.2688,,10/15/21,4,0.4045,923.3249,23.9016,6.425639442,,,,,,,,,,,,,,,,
LL-5-2021,LL-5-2021,LL-5-21,LL-L-5,8/22/2021 (LL),,Long Lake,9/4/21,61.37920879,-143.30713,1.618,44,,3.8,,10.3,,6.4,26.3,F,0.16,4-B5,10,0.4436,,,,,3.4,,,1.41,2-F1,N,Y,5,Y,Y,0.08,0.7,0.6,0.6,0.6,0.7,0.6,0.6,0.8,,10/11/21,69.3,10/15/21,20.2,0.7085,0.2915,,10/15/21,2,0.3738,955.8343,23.8339,6.947255123,,,,,,,,,,,,,,,,
LL-6-2021,LL-6-2021,LL-6-21,LL-L-6,8/26/2021 (LL),,Long Lake,9/4/21,61.37920879,-143.30713,1.606,43,,3.5,,10.8,,6.3,27.3,F,0.144,4-B1,10,0.5408,,,,,3.6,,,1.402,2-E9,N,Y,5,Y,Y,0.066,0.9,1.3,1,0.8,0.6,1,0.6,1.6,,10/11/21,98.7,10/15/21,29.8,0.6981,0.3019,,10/15/21,4,0.3255,923.3249,22.8076,6.886185208,,,,,,,,,,,,,,,,
LL-7-2021,LL-7-2021,LL-7-21,LL-L-7,8/26/2021 (LL),,Long Lake,9/5/21,61.37920879,-143.30713,1.886,47.2,,5,,11.2,,6.3,27.3,F,0.152,4-D6,6,0.692,,,,,4.59,,,1.682,2-G6,N,Y,5,Y,Y,0.082,1.7,1.4,1.5,1,1.2,0.9,1.4,1.4,,10/15/21,81.3,10/19/21,22.3,0.7257,0.2743,,10/19/21,4,0.3398,923.3249,23.6049,6.474652768,,,,,,,,,,,,,,,,
LL-8-2021,LL-8-2021,LL-8-21,LL-L-8,8/26/2021 (LL),,Long Lake,9/3/21,61.37920879,-143.30713,1.756,45.3,,5.9,,11.2,,6.4,27.4,M,0.05,3-D1,,,,,,,,,,1.654,2-C1,N,Y,5,Y,Y,0.026,0.7,1.1,0.6,1,0.6,1,0.6,1.1,,10/15/21,116.8,10/20/21,29.3,0.7491,0.2509,,10/20/21,4,0.467,923.3249,21.9218,5.499218664,,,,,,,,,,,,,,,,
LL-9-2021,LL-9-2021,LL-9-21,LL-L-9,8/26/2021 (LL),,Long Lake,9/5/21,61.37920879,-143.30713,1.378,41.5,,4.2,,10.5,,6,26,F,0.1,4-C1,5,0.2126,,,,,3.7,,,1.23,2-F5,N,Y,5,Y,Y,0.048,1.2,1.8,1,1.2,0.9,1,0.8,1.1,,10/15/21,101.8,10/19/21,28.1,0.724,0.276,,10/19/21,2,0.3169,955.8343,24.8353,6.855323477,,,,,,,,,,,,,,,,
LL-10-2021,LL-10-2021,LL-10-21,LL-L-10,8/26/2021 (LL),,Long Lake,9/4/21,61.37920879,-143.30713,1.682,44.1,,5,,11.1,,6.4,27.4,M,0.048,3-F5,,,,,,,,,,1.592,2-D9,N,Y,5,Y,Y,0.022,0.6,0.7,0.7,0.6,0.6,0.7,0.7,1.2,,10/15/21,69.1,10/19/21,19.3,0.7207,0.2793,,10/19/21,4,0.2696,923.3249,23.0268,6.431508538,,,,,,,,,,,,,,,,
LL-11-2021,LL-11-2021,LL-11-21,LL-L-11,9/23/2021 (LL),,Long Lake,9/24/21,61.37920879,-143.30713,1.954,,43,,2.9,,5.7,,34.4,M,0.03,4-E4,,,,,,,,,,1.826,2-G12,N,Y,,Y,Y,,0.4,0.4,0.7,0.4,0.4,0.4,0.4,0.6,Maybe partial spawn,10/15/21,147.4,10/20/21,30.2,0.7951,0.2049,,10/20/21,2,0.4417,955.8343,19.8775,4.07259498,,,,,,,,,,,,,,,,
LL-12-2021,LL-12-2021,LL-12-21,LL-L-12,9/23/2021 (LL),,Long Lake,9/24/21,61.37920879,-143.30713,2.22,,45.2,,7.2,,15,,36,M,0.024,4-E6,,,,,,,,,,2.078,2-H2,N,Y,,Y,Y,,0.4,0.4,0.6,0.4,0.4,0.4,0.6,0.4,Partial Spawned,10/15/21,176.3,10/20/21,31.4,0.8219,0.1781,,10/20/21,4,0.3855,923.3249,19.3267,3.442191605,,,,,,,,,,,,,,,,
LL-13-2021,LL-13-2021,LL-13-21,LL-L-13,9/23/2021 (LL),,Long Lake,9/24/21,61.37920879,-143.30713,1.942,,40.8,,3,,15.5,,35.2,M,0.026,4-E5,,,,,,,,,,1.856,2-H1 (1 missing),N,Y,,Y,Y,,0.5,0.5,0.7,0.4,0.5,0.4,0.6,0.4,probably partial spawn,10/15/21,129.5,10/20/21,24.8,0.8085,0.1915,,10/20/21,2,0.3071,955.8343,20.8236,3.98784,,,,,,,,,,,,,,,,
LL-14-2021,LL-14-2021,LL-14-21,LL-L-14,9/23/2021 (LL),,Long Lake,9/24/21,61.37920879,-143.30713,1.348,,40.7,,4.8,,10.6,,26.2,F,0.052,4-E7,10,0.7305,,,,,5.3,,,1.246,2-H3,N,Y,,Y,Y,,0.4,0.5,0.4,0.5,0.4,0.4,5,0.4,Eggs with worms,10/15/21,159.1,10/20/21,30.9,0.8058,0.1942,,10/20/21,4,0.2792,923.3249,20.4174,3.965415839,,,,,,,,,,,,,,,,
LL-15-2021,LL-15-2021,LL-15-21,LL-L-15,9/23/2021 (LL),,Long Lake,9/24/21,61.37920879,-143.30713,1.48,,41.5,,4.3,,11.9,,28,F,0.208,4-F2,10,0.8253,,,,,5,,,1.23,2-H6,N,Y,,Y,Y,,0.5,0.5,0.5,0.5,0.5,0.5,0.6,0.5,"probably prespawn, eggs loose",10/15/21,146.3,10/20/21,30.8,0.7895,0.2105,,10/20/21,2,0.3392,955.8343,21.655,4.558947368,,,,,,,,,,,,,,,,
LL-16-2021,LL-16-2021,LL-16-21,LL-L-16,9/23/2021 (LL),,Long Lake,9/24/21,61.37920879,-143.30713,1.516,,42.7,,4.5,,12.5,,27.4,F,0.108,4-F3,10,0.7907,,,,,4.8,,,1.366,2-H7,N,Y,,Y,Y,,0.6,0.4,0.4,0.4,0.5,0.4,0.5,0.4,loose eggs maybe partial spawn,10/15/21,194.1,10/20/21,40.1,0.7934,0.2066,,10/20/21,4,0.409,923.3249,19.814,4.093464194,,,,,,,,,,,,,,,,
LL-17-2021,LL-17-2021,LL-17-21,LL-L-17,9/23/2021 (LL),,Long Lake,9/24/21,61.37920879,-143.30713,1.686,,41.6,,4.7,,12.8,,30.2,F,0.228,4-E8,10,0.7326,,,,,5.1,,,1.414,2-H4,N,Y,,Y,Y,,0.5,0.5,0.5,0.5,0.5,0.5,0.8,0.5,"maybe prespawn, but most eggs loose",10/15/21,188.2,10/20/21,36.7,0.805,0.195,,10/20/21,2,0.4124,955.8343,22.4969,4.387015037,,,,,,,,,,,,,,,,
LL-18-2021,LL-18-2021,LL-18-21,LL-L-18,9/23/2021 (LL),,Long Lake,9/24/21,61.37920879,-143.30713,1.95,,45,,5,,13.8,,31.5,F,0.302,4-F1,10,1.036,,,,,5.2,,,1.616,2-H5,N,Y,,Y,Y,,0.5,0.6,0.6,0.6,0.5,0.5,0.5,0.5,"prespawn but loose eggs, eggs wth worms",10/15/21,177.8,10/20/21,37.3,0.7902,0.2098,,10/20/21,4,0.3826,923.3249,21.0635,4.41883324,,,,,,,,,,,,,,,,
LL-19-2021,LL-19-2021,LL-19-21,LL-L-19,9/23/2021 (LL),,Long Lake,9/24/21,61.37920879,-143.30713,2.012,,42.2,,7.7,,14.7,,33.5,M,0.044,4-E2,,,,,,,,,,1.856,2-G10,N,Y,,Y,Y,,,,,,,,,,"picking up where cormac/phil left off in oto tray, no fat measurements, maybe partial spawn",10/15/21,122.2,10/20/21,24.4,0.8003,0.1997,,10/21/21,2,0.4053,955.8343,22.1093,4.414622913,,,,,,,,,,,,,,,,
LL-20-2021,LL-20-2021,LL-20-21,LL-L-20,9/23/2021 (LL),,Long Lake,9/24/21,61.37920879,-143.30713,2.086,,45.1,,8,,14.3,,33.8,M,0.032,4-E3,,,,,,,,,,1.98,2-G11,N,Y,,Y,Y,,0.7,0.4,0.4,0.5,0.5,0.4,0.4,0.5,maybe partal spawn,10/15/21,122.2,10/20/21,24.6,0.7987,0.2013,,10/21/21,4,0.4025,923.3249,19.9437,4.014852864,,,,,,,,,,,,,,,,
GH-1-2021,GH-1-2021,GH-1-21,GH-1,8/31/2021 (GH),,Gulkana Hatchery,9/3/21,63.06732669,-145.5138318,1.956,47.1,,8.2,,12.6,,6.6,29.4,M,0.058,3-D3,,,,,,,,,,1.836,2-C3,Y,Y,5,Y,Y,0.028,0.6,0.4,0.7,0.5,0.5,0.7,0.9,0.8,,10/15/21,101.9,10/20/21,21.7,0.787,0.213,,10/21/21,2,0.2763,955.8343,22.337,4.756750736,,,,,,,,,,,,,,,,
GH-2-2021,GH-2-2021,GH-2-21,GH-2-2021,8/31/2021 (GH),,Gulkana Hatchery,9/3/21,63.06732669,-145.5138318,1.856,45.7,,8.3,,11.6,,5.9,27.8,M,0.056,3-D4,,,,,,,,,,1.756,2-C4,Y,Y,5,Y,Y,0.028,1.1,0.5,1.6,0.5,1.1,0.6,1,0.6,,10/15/21,119.9,10/20/21,27,0.7748,0.2252,,10/21/21,4,0.3732,923.3249,21.8379,4.917625521,,,,,,,,,,,,,,,,
GH-3-2021,GH-3-2021,GH-3-21,GH-3,8/31/2021 (GH),,Gulkana Hatchery,9/3/21,63.06732669,-145.5138318,2.032,46.9,,8.9,,12.3,,6,29.2,M,0.052,3-C8,,,,,,,,,,1.92,2-B12,N,Y,3,Y,Y,0.024,1.1,0.7,0.7,0.6,0.6,0.6,0.7,0.9,,10/15/21,130.1,10/20/21,27.6,0.7879,0.2121,,10/21/21,2,0.3793,955.8343,23.4707,4.979180015,,,,,,,,,,,,,,,,
GH-4-2021,GH-4-2021,GH-4-21,GH-4,8/31/2021 (GH),,Gulkana Hatchery,9/4/21,63.06732669,-145.5138318,1.784,44.7,,6.4,,12,,5.9,27.4,M,0.06,3-F1,,,,,,,,,,1.676,2-D5,N,Y,5,Y,Y,0.03,0.6,0.5,0.6,0.6,0.6,1.1,0.5,1,,10/15/21,78.6,10/19/21,18.9,0.7595,0.2405,,10/19/21,2,0.4678,955.8343,21.1055,5.074986641,,,,,,,,,,,,,,,,
GH-5-2021,GH-5-2021,GH-5-21,GH-5,8/31/2021 (GH),,Gulkana Hatchery,9/3/21,63.06732669,-145.5138318,1.794,44.7,,7.1,,12.2,,5.7,28.5,M,0.052,3-C5,,,,,,,,,,1.684,2-B9,Y,Y,5,Y,Y,0.026,0.7,1,0.6,0.6,1,0.7,0.8,0.8,,10/15/21,133.4,10/20/21,29.1,0.7819,0.2181,,10/21/21,4,0.3277,923.3249,22.1549,4.83289048,2,0.3296,955.8343,23.0543,5.029086432,,,,,,,,,,,
GH-6-2021,GH-6-2021,GH-6-21,GH-6,8/31/2021 (GH),,Gulkana Hatchery,9/4/21,63.06732669,-145.5138318,2.152,49.2,,4.4,,11.8,,8,29.8,F,0.376,4-A8,10,1.158,,,,,5.1,,,1.744,2-E8,Y,Y,5,Y,Y,0.188,,,,,,,,,,10/15/21,73.9,10/19/21,19.1,0.7415,0.2585,,10/19/21,4,0.3155,923.3249,22.7438,5.878302842,,,,,,,,,,,,,,,,
GH-7-2021,GH-7-2021,GH-7-21,GH-7,8/31/2021 (GH),,Gulkana Hatchery,9/5/21,63.06732669,-145.5138318,2.052,47,,5.7,,11.9,,6.7,29.8,F,0.392,4-C8,6,0.6606,,,,,4.65,,,1.628,2-F12,Y,Y,5,Y,Y,0.178,0.9,0.8,0.7,0.6,0.7,1,1.2,1.1,,10/15/21,85.8,10/19/21,22.3,0.7401,0.2599,,10/19/21,2,0.4254,955.8343,23.8192,6.190771096,4,0.3796,923.3249,22.8309,5.933905245,,,,,,,,,,,
GH-8-2021,GH-8-2021,GH-8-21,GH-8,8/31/2021 (GH),,Gulkana Hatchery,9/4/21,63.06732669,-145.5138318,1.984,47.9,,4.6,,11.7,,6,28.8,F,0.312,4-A2,10,0.8205,,,,,4.4,,,1.63,2-E2,Y,Y,5,Y,Y,0.118,0.6,0.7,0.5,0.6,0.6,0.7,0.6,0.6,,10/15/21,83.9,10/19/21,22.8,0.7282,0.2718,,10/21/21,4,0.359,923.3249,22.3351,6.069610012,,,,,,,,,,,,,,,,
GH-9-2021,GH-9-2021,GH-9-21,GH-9,8/31/2021 (GH),,Gulkana Hatchery,9/5/21,63.06732669,-145.5138318,1.668,45.6,,5.4,,10.8,,6.2,27,F,0.306,4-C6,10,1.1347,,,,,5.1,,,1.324,2-F10,Y,Y,5,Y,Y,0.142,0.7,0.5,0.6,0.5,0.7,0.6,1,0.5,,10/15/21,96.3,10/19/21,22.3,0.7684,0.2316,,10/21/21,2,0.3188,955.8343,23.8833,5.530608411,,,,,,,,,,,,,,,,
GH-10-2021,GH-10-2021,GH-10-21,GH-10,8/31/2021 (GH),,Gulkana Hatchery,9/4/21,63.06732669,-145.5138318,1.536,44.4,,4.2,,10.1,,6.7,26.4,F,0.312,4-A6,10,0.8578,,,,,4.75,,,1.188,2-E6,Y,Y,5,Y,Y,0.16,0.4,0.5,0.5,0.5,0.5,0.5,0.5,0.5,,10/15/21,65.8,10/19/21,16.4,0.7508,0.2492,,10/21/21,4,0.3103,923.3249,21.0763,5.253059574,,,,,,,,,,,,,,,,
FC-1-2021,FC-1-2021,FC-1-21,FC-1,7/14/2021 (FC),,Fish Creek Gulkana,7/23/21,63.1000428,-145.481274,2.088,43.8,,6.6,,13.7,,6.6,30.8,M,0.05,2-B4,,,,,,,,,,1.966,1-E12,N,Y,5,Y,Y,0.028,0.6,0.7,0.6,0.5,1,1,1,1,,10/15/21,112,10/19/21,29,0.7411,0.2589,,10/21/21,4,0.3537,923.3249,22.578,5.846089286,,,,,,,,,,,,,,,,
FC-2-2021,FC-2-2021,FC-2-21,FC-2,7/14/2021 (FC),,Fish Creek Gulkana,7/23/21,63.1000428,-145.481274,2.046,46.1,,5.5,,12.1,,6.6,29.2,M,0.056,2-B3,,,,,,,,,,1.916,1-E11,N,Y,5,Y,Y,0.028,0.7,0.7,0.7,1.1,0.7,0.9,1,0.9,,10/15/21,126.9,10/20/21,33.4,0.7368,0.2632,,10/21/21,2,0.3183,955.8343,21.4536,5.646573995,,,,,,,,,,,,,,,,
FC-3-2021,FC-3-2021,FC-3-21,FC-3,7/14/2021 (FC),,Fish Creek Gulkana,7/24/21,63.1000428,-145.481274,2.1,47,,5.2,,12.5,,6.5,31.3,F,0.282,2-F1,6,0.3134,,,,,5.5,,,1.74,1-H5,N,Y,5,Y,Y,0.146,1.5,1.4,1.3,1.1,1.4,1.1,1.3,1.5,,10/15/21,138.3,10/20/21,39,0.718,0.282,,10/21/21,4,0.2973,923.3249,23.8397,6.722691974,,,,,,,,,,,,,,,,
FC-4-2021,FC-4-2021,FC-4-21,FC-4,7/14/2021 (FC),,Fish Creek Gulkana,7/23/21,63.1000428,-145.481274,2.374,49,,7.1,,13.4,,6.7,30.6,M,0.036,2-B6,,,,,,,,,,2.24,1-F2,N,Y,5,Y,Y,0.018,0.6,0.5,0.4,0.9,0.5,0.6,0.5,1.1,,10/15/21,97.3,10/19/21,22.6,0.7677,0.2323,,10/21/21,2,0.3449,955.8343,22.2554,5.169291264,,,,,,,,,,,,,,,,
FC-5-2021,FC-5-2021,FC-5-21,FC-5,7/14/2021 (FC),,Fish Creek Gulkana,7/23/21,63.1000428,-145.481274,2.078,47.2,,7.1,,12.3,,6.3,29.9,M,0.032,2-A5,,,,,,,,,,1.982,1-E5,N,Y,5,Y,Y,0.016,0.7,0.5,0.7,0.7,0.5,0.7,0.7,0.7,,10/15/21,121.2,10/19/21,29.2,0.7591,0.2409,,10/21/21,4,0.3864,923.3249,22.4262,5.403011881,,,,,,,,,,,,,,,,
FC-6-2021,FC-6-2021,FC-6-21,FC-6,7/14/2021 (FC),,Fish Creek Gulkana,7/24/21,63.1000428,-145.481274,1.714,43.3,,4,,10.5,,6.5,27.5,F,0.228,3-A1,10,0.6402,,,,,5.45,,,1.43,2-A1,N,Y,5,Y,Y,0.102,1.3,1.1,1.3,0.9,1.1,1,1.2,1,,10/15/21,78,10/19/21,21.3,0.7269,0.2731,,10/21/21,2,0.3549,955.8343,24.748,6.758107692,,,,,,,,,,,,,,,,
FC-7-2021,FC-7-2021,FC-7-21,FC-7,7/14/2021 (FC),,Fish Creek Gulkana,7/23/21,63.1000428,-145.481274,2.16,47,,5.4,,12,,6.9,29.4,M,0.082,2-B5,,,,,,,,,,2.018,1-F1,N,Y,5,Y,Y,0.042,1,0.9,0.9,1.1,1,0.7,0.7,0.8,,10/15/21,117.7,10/19/21,30.7,0.7392,0.2608,,10/21/21,4,0.4149,923.3249,22.3613,5.832556585,,,,,,,,,,,,,,,,
FC-8-2021,FC-8-2021,FC-8-21,FC-8,7/14/2021 (FC),,Fish Creek Gulkana,7/24/21,63.1000428,-145.481274,1.608,44.3,,5,,10.6,,6.2,26.6,F,0.226,2-E3,5,0.2661,,,,,5.25,,,1.332,1-G11,N,Y,5,Y,Y,0.098,0.7,0.7,0.8,1.3,0.7,0.7,0.7,0.8,,10/15/21,97.1,10/19/21,27.9,0.7127,0.2873,,10/21/21,2,0.3574,955.8343,23.6535,6.79642276,,,,,,,,,,,,,,,,
FC-9-2021,FC-9-2021,FC-9-21,FC-9,7/14/2021 (FC),,Fish Creek Gulkana,7/24/21,63.1000428,-145.481274,1.766,45.3,,5,,10.5,,6.7,27.2,F,0.228,2-E4,5,0.3688,,,,,4.95,,,1.488,1-G12,N,Y,5,Y,Y,0.102,1,0.8,0.9,1.2,0.9,1.2,1.5,1.4,,10/15/21,109.9,10/19/21,29.9,0.7279,0.2721,,10/21/21,4,0.269,923.3249,23.5201,6.399008098,2,0.3466,955.8343,25.4668,6.928638035,,,,,,,,,,,
FC-10-2021,FC-10-2021,FC-10-21,FC-10,7/14/2021 (FC),,Fish Creek Gulkana,7/24/21,63.1000428,-145.481274,1.812,45,,4.4,,11.4,,6.4,28.3,F,0.236,3-A6,10,0.6547,,,,,5.5,,,1.508,2-A6,N,Y,5,Y,Y,0.108,0.6,1.1,0.8,0.6,0.9,1.1,1,1.2,,10/15/21,95.7,10/19/21,27.3,0.7147,0.2853,,10/21/21,4,0.4741,923.3249,23.4075,6.677374608,,,,,,,,,,,,,,,,
MN-1-2021,MN-1-2021,MN-1-21,MN-1,7/8/2021 (MN),,Mentasta,7/23/21,62.94958,-143.35984,2.692,49.4,,6.3,,14.5,,6.8,33.9,M,0.07,2-B1,,,,,,,,,,2.486,1-E9,N,Y,5,Y,Y,0.036,0.9,0.4,0.4,0.4,0.4,0.4,0.4,0.6,,10/19/21,87.9,10/23/21,19.3,0.7804,0.2196,,10/27/21,2,0.477,923.3914,20.6881,4.542438339,,,,,,,,,,,,,,,,
MN-2-2021,MN-2-2021,MN-2-21,MN-2,7/8/2021 (MN),,Mentasta,7/23/21,62.94958,-143.35984,2.214,45.6,,4.3,,11.5,,8.6,30.9,F,0.476,2-B2,10,1.0445,,,,,5.3,,,1.68,1-E10,N,Y,5,Y,Y,0.286,0.8,0.5,0.5,1,0.7,1.2,1.2,1.3,,10/19/21,103.7,10/23/21,25.1,0.758,0.242,,10/27/21,4,0.3382,923.3249,22.986,5.56363163,,,,,,,,,,,,,,,,
MN-3-2021,MN-3-2021,MN-3-21,MN-3,7/8/2021 (MN),,Mentasta,7/23/21,62.94958,-143.35984,2.308,44.7,,5.8,,15.5,,6.5,34.5,M,0.058,2-A7,,,,,,,,,,2.118,1-E7,N,Y,5,Y,Y,0.03,0.4,0.4,0.4,0.4,0.4,0.9,0.4,0.4,,10/19/21,101.5,10/23/21,20.3,0.8,0.2,,10/27/21,2,0.3683,923.3914,20.2505,4.0501,,,,,,,,,,,,,,,,
MN-4-2021,MN-4-2021,MN-4-21,MN-4,7/8/2021 (MN),,Mentasta,7/24/21,62.94958,-143.35984,1.7,45.1,,4.8,,11.6,,6.3,28,F,0.288,2-D6,5,0.274,,,,,5.8,,,1.376,1-G6,N,Y,5,Y,Y,0.092,1.1,0.6,1.1,0.6,0.7,0.8,0.9,1.3,,10/19/21,100,10/23/21,23.1,0.769,0.231,,10/27/21,4,0.3411,923.3249,22.1992,5.1280152,,,,,,,,,,,,,,,,
MN-5-2021,MN-5-2021,MN-5-21,MN-5,7/8/2021 (MN),,Mentasta,7/23/21,62.94958,-143.35984,2.38,46.8,,8.9,,15.9,,6.5,35.1,M,0.062,2-A6,,,,,,,,,,2.176,1-E6,N,Y,5,Y,Y,0.032,0.5,0.5,0.5,0.4,0.6,0.5,0.8,0.6,,10/19/21,110.9,10/23/21,24.9,0.7755,0.2245,,10/27/21,2,0.3185,923.3914,21.7414,4.881522633,,,,,,,,,,,,,,,,
MN-6-2021,MN-6-2021,MN-6-21,MN-6,7/8/2021 (MN),,Mentasta,7/23/21,62.94958,-143.35984,2.286,44.5,,6.7,,14.7,,6.7,33,M,0.074,2-A8 (Empty),,,,,,,,,,2.11,1-E8,N,Y,5,Y,Y,0.034,0.4,0.4,0.5,0.4,0.5,0.6,0.6,0.5,,10/20/21,103.9,10/23/21,22.1,0.7873,0.2127,,10/27/21,4,0.2992,923.3249,21.9957,4.678584889,,,,,,,,,,,,,,,,
MN-7-2021,MN-7-2021,MN-7-21,MN-7,7/8/2021 (MN),,Mentasta,7/24/21,62.94958,-143.35984,1.754,44.2,,5.3,,11.8,,6.8,28.8,F,0.32,2-D8,5,0.135,,,,,5.5,,,1.396,1-G8,N,Y,5,Y,Y,0.142,1.1,0.9,0.9,0.7,0.8,0.7,1.5,1.1,,10/20/21,103.4,10/23/21,25.6,0.7524,0.2476,,10/27/21,2,0.3955,923.3914,24.2603,6.006418569,,,,,,,,,,,,,,,,
MN-8-2021,MN-8-2021,MN-8-21,MN-8,7/8/2021 (MN),,Mentasta,7/24/21,62.94958,-143.35984,2.06,46,,5.8,,12,,7.6,28.8,F,0.374,2-D7,5,0.1021,,,,,5.1,,,1.648,1-G7,N,Y,5,Y,Y,0.172,0.7,0.7,0.7,1,0.8,0.7,0.9,0.5,,10/20/21,117.3,10/23/21,28.3,0.7587,0.2413,,10/27/21,4,0.3992,923.3249,23.0109,5.551649361,,,,,,,,,,,,,,,,
MN-9-2021,MN-9-2021,MN-9-21,MN-9,7/8/2021 (MN),,Mentasta,7/24/21,62.94958,-143.35984,1.886,44.8,,5.5,,12.7,,6.4,29.3,F,0.318,2-F2,7,0.6286,,,,,5.5,,,1.52,1-H6,N,Y,5,Y,Y,0.13,0.6,0.5,0.6,0.6,0.6,0.6,1,0.6,,10/29/21,129.4,11/3/21,31.5,0.7566,0.2434,,11/3/21,4,0.4725,923.3249,22.8553,5.563693586,,,,,,,,,,,,,,,,
MN-10-2021,MN-10-2021,MN-10-21,MN-10,7/8/2021 (MN),,Mentasta,7/24/21,62.94958,-143.35984,1.81,45,,4.6,,11.3,,6.4,28.3,F,0.3,2-E1,5,0.6616,,,,,4.8,,,1.458,1-G9,N,Y,5,Y,Y,0.096,0.7,0.7,0.5,0.8,0.8,0.7,0.7,0.8,,10/29/21,139.6,11/3/21,30.5,0.7815,0.2185,,11/3/21,2,0.4628,923.3914,22.3935,4.892562679,,,,,,,,,,,,,,,,
MN-11-2021,MN-11-2021,MN-11-21,MN-11,7/29/2021 (MN),,Mentasta,9/4/21,62.94958,-143.35984,2.014,44.2,,6,,13.7,,6.6,32.7,M,0.058,3-F8,,,,,,,,,,1.874,2-D12,N,Y,5,Y,Y,0.028,0.3,0.6,0.3,0.4,0.4,0.4,0.4,0.4,,10/20/21,91.3,10/23/21,17.9,0.8039,0.1961,,10/27/21,2,0.3577,923.3914,18.3093,3.589665608,,,,,,,,,,,,,,,,
MN-12-2021,MN-12-2021,MN-12-21,MN-12,7/29/2021 (MN),,Mentasta,9/5/21,62.94958,-143.35984,1.448,44.8,,5.6,,11.5,,5.3,26.5,F,,4-D2,4,0.4825,,,,,4.65,,,1.388,2-G2,N,Y,5,Y,N,,0.7,0.7,0.4,0.6,0.5,0.5,0.6,0.6,Partial Spawned,10/29/21,80.6,11/3/21,15.4,0.8089,0.1911,,11/3/21,4,0.4899,923.3249,21.1874,4.048212903,2,0.4633,923.3914,21.1498,4.041028784,,,,,,,,,,,
MN-13-2021,MN-13-2021,MN-13-21,MN-13,7/29/2021 (MN),,Mentasta,9/4/21,62.94958,-143.35984,1.418,43,,51,,11.1,,5.3,25.8,F,,4-B4,10,0.9771,,,,,4.4,,,1.298,2-E12,N,Y,,Y,N,,0.4,0.4,0.4,0.4,0.4,0.5,0.4,0.4,Partial spawned,10/29/21,59.8,11/3/21,13.6,0.7726,0.2274,,11/3/21,4,0.3264,923.3914,20.4748,4.656476254,,,,,,,,,,,,,,,,
MN-14-2021,MN-14-2021,MN-14-21,MN-14,7/29/2021 (MN),,Mentasta,9/5/21,62.94958,-143.35984,1.544,45.8,,5.4,,11.8,,5,27.2,F,,4-D1,,,,,,,,,,1.474,2-G1,N,Y,5,Y,N,,0.8,0.5,0.8,0.4,0.7,0.5,0.9,0.5,spawned out,10/29/21,95.4,11/3/21,19,0.8008,0.1992,,11/3/21,2,0.3823,923.3249,20.0847,4.000097484,,,,,,,,,,,,,,,,
MN-15-2021,MN-15-2021,MN-15-21,MN-15,7/29/2021 (MN),,Mentasta,9/5/21,62.94958,-143.35984,1.388,43.3,,4.7,,10.8,,5.2,25.2,F,,4-B8,7,0.8044,,,,,4,,,1.264,2-F4,N,Y,6,Y,N,,0.6,0.4,0.4,0.4,0.4,0.4,0.7,0.6,Partial Spawned,10/29/21,91.6,11/3/21,17.2,0.8122,0.1878,,11/4/21,4,0.3797,923.3249,20.0572,3.766199127,,,,,,,,,,,,,,,,
MN-16-2021,MN-16-2021,MN-16-21,MN-16,7/29/2021 (MN),,Mentasta,9/4/21,62.94958,-143.35984,2.086,46.2,,6.5,,14.5,,5.6,33.5,M,0.026,3-F6,,,,,,,,,,1.996,2-D10,N,Y,5,Y,Y,0.01,0.4,0.4,0.4,0.4,0.4,0.4,0.4,0.4,,10/29/21,63.3,11/3/21,14.2,0.7757,0.2243,,11/4/21,2,0.3685,923.3914,20.0502,4.497833175,,,,,,,,,,,,,,,,
MN-17-2021,MN-17-2021,MN-17-21,MN-17,7/29/2021 (MN),,Mentasta,9/4/21,62.94958,-143.35984,1.92,43.9,,5.8,,14.4,,6,32.8,M,0.038,3-E7,,,,,,,,,,1.792,2-D3,N,Y,5,Y,Y,0.018,0.4,0.4,0.4,0.4,0.4,0.4,0.4,0.4,,10/29/21,69.2,11/3/21,14.1,0.7962,0.2038,,11/4/21,4,0.3048,923.3249,19.9715,4.069337428,,,,,,,,,,,,,,,,
MN-18-2021,MN-18-2021,MN-18-21,MN-18,7/29/2021 (MN),,Mentasta,9/4/21,62.94958,-143.35984,2.976,48.3,,8.3,,17.9,,7.1,40.3,M,0.09,3-F7,,,,,,,,,,2.796,2-D11,N,Y,5,Y,Y,0.044,0.4,0.4,0.4,0.4,0.8,0.4,0.4,0.4,,10/29/21,98.2,11/3/21,21.1,0.7851,0.2149,,11/4/21,2,0.2349,923.3914,20.8578,4.481665784,,,,,,,,,,,,,,,,
MN-19-2021,MN-19-2021,MN-19-21,MN-19,7/29/2021 (MN),,Mentasta,9/4/21,62.94958,-143.35984,2.444,45.7,,6.9,,17.1,,5.5,37.4,M,0.054,3-F4,,,,,,,,,,2.3,2-D8,N,Y,5,Y,Y,0.028,0.4,0.4,0.4,0.4,0.4,0.4,0.4,0.4,,10/29/21,41.7,11/3/21,17.5,0.5803,0.4197,,11/4/21,4,0.3086,923.3249,19.2627,8.083866906,,,,,,,,,,,,,,,,
BN-1-2021,BN-1-2021,BN-1-21,BN-1,7/29/2021 (Bone Creek),,Bone Creek,9/5/21,62.98045269,-143.8608643,1.14,43.7,,5.6,,10.4,,4.6,23.3,F,,4-B6,,,,,,,,,,1.078,2-F2,N,Y,5,Y,N,,0.5,0.5,0.5,0.5,0.5,0.5,0.8,0.4,Spawned out,10/29/21,98.4,11/3/21,18.9,0.8079,0.1921,,11/3/21,4,0.3936,923.3249,17.6357,3.387344817,,,,,,,,,,,,,,,,
BN-2-2021,BN-2-2021,BN-2-21,BN-2,7/29/2021 (Bone Creek),,Bone Creek,9/3/21,62.98045269,-143.8608643,1.952,46,,7.2,,14.3,,5.1,32.1,M,0.062,3-C6,,,,,,,,,,1.802,2-B10,N,Y,5,Y,Y,0.032,0.4,0.5,0.6,0.5,0.5,0.5,0.5,0.5,,10/29/21,115,11/3/21,22.7,0.8026,0.1974,,11/3/21,2,0.4151,923.3914,19.677,3.884068696,,,,,,,,,,,,,,,,
TN-1-2021,TN-1-2021,N/A,N/A,8/4/2021 (TN),,Tanada,9/5/21,62.45133,-143.382153,1.6,45.6,,4.5,,11.5,,5.9,26.4,F,0.146,4-C5,6,0.3826,,,,,3.75,,,1.394,2-F9,N,Y,5,Y,Y,0.076,0.9,0.7,0.8,0.7,0.6,0.7,0.7,0.9,Mort- no gill clip,10/29/21,119.1,11/3/21,31.7,0.7338,0.2662,,11/4/21,2,0.3162,923.3914,23.8957,6.360148531,,,,,,,,,,,,,,,,
TN-2-2021,TN-2-2021,TN-2-21,TN-2,8/4/2021 (TN),,Tanada,9/3/21,62.45133,-143.382153,2.188,47.5,,6.2,,12.1,,7,29.9,M,0.044,3-E4,,,,,,,,,,2.076,2-C12,N,Y,5,Y,Y,0.022,0.7,0.7,0.7,0.6,0.7,0.8,0.6,0.8,,10/29/21,103.4,11/3/21,29.5,0.7147,0.2853,,11/4/21,2,0.2753,923.3914,23.5586,6.721264023,,,,,,,,,,,,,,,,
TN-3-2021,TN-3-2021,TN-3-21,TN-3,8/4/2021 (TN),,Tanada,9/5/21,62.45133,-143.382153,1.944,47.5,,4.7,,12,,6.2,29,F,0.168,4-D5,7,0.488,,,,,4.7,,,1.721,2-G5,N,Y,5,Y,Y,0.074,1.7,1.5,1.2,0.9,0.9,0.8,1,0.9,,10/29/21,107.3,11/3/21,28.6,0.7335,0.2665,,11/4/21,2,0.2719,923.3914,23.577,6.28427027,,,,,,,,,,,,,,,,
TN-4-2021,TN-4-2021,TN-4-21,TN-4,8/4/2021 (TN),,Tanada,9/4/21,62.45133,-143.382153,2.154,46.7,,4.8,,13.5,,6.5,30.7,M,0.046,3-F2,,,,,,,,,,2.03,2-D6,N,Y,5,Y,Y,0.022,0.6,0.6,0.5,0.6,0.6,0.6,0.6,0.8,,10/29/21,75.6,11/3/21,20,0.7354,0.2646,,11/4/21,2,0.308,923.3914,22.3277,5.906798942,,,,,,,,,,,,,,,,
TN-5-2021,TN-5-2021,TN-5-21,TN-5,8/4/2021 (TN),,Tanada,9/4/21,62.45133,-143.382153,1.77,45.5,,4,,10.5,,6.8,26.8,F,0.156,4-B3,10,0.498,,,,,3.25,,,1.556,2-E11,N,Y,5,Y,Y,0.072,1.2,1,0.8,0.9,0.7,1.2,0.7,1,,10/29/21,78.9,11/3/21,21.8,0.7237,0.2763,,11/4/21,2,0.2455,923.3914,24.1094,6.66140583,,,,,,,,,,,,,,,,
TN-6-2021,TN-6-2021,TN-6-21,TN-6,8/4/2021 (TN),,Tanada,9/3/21,62.45133,-143.382153,1.952,47,,6.2,,12.7,,6.6,30.9,M,0.054,3-C4,,,,,,,,,,1.832,2-B8,N,Y,5,Y,Y,0.03,1.1,0.9,1,1.5,1.3,1.3,1.2,1.2,,10/29/21,130.8,11/3/21,34.5,0.7362,0.2638,,11/4/21,2,0.3424,923.3914,22.2467,5.867822248,,,,,,,,,,,,,,,,
TN-7-2021,TN-7-2021,TN-7-21,TN-7,8/4/2021 (TN),,Tanada,9/3/21,62.45133,-143.382153,2.817,50.5,,8,,14.5,,7,33.9,M,0.036,3-E5,,,,,,,,,,2.686,2-D1,N,Y,5,Y,Y,0.02,0.6,0.6,0.7,0.6,0.9,0.6,1,0.6,,10/29/21,120.2,11/3/21,30.4,0.7471,0.2529,,11/4/21,2,0.2514,923.3914,22.0219,5.569598669,,,,,,,,,,,,,,,,
TN-8-2021,TN-8-2021,TN-8-21,TN-8,8/4/2021 (TN),,Tanada,9/5/21,62.45133,-143.382153,1.462,44.4,,4.2,,10.8,,6.3,26,F,0.14,4-C2,5,0.2528,,,,,3.5,,,1.27,2-F6,N,Y,5,Y,Y,0.064,1,1.1,1.1,0.8,0.8,0.7,0.9,1,,10/29/21,117,11/3/21,30.2,0.7419,0.2581,,11/4/21,2,0.2636,923.3914,23.5525,6.079363248,2,0.2942,923.3914,22.5869,5.830122906,,,,,,,,,,,
TN-9-2021,TN-9-2021,TN-9-21,TN-9,8/4/2021 (TN),,Tanada,9/5/21,62.45133,-143.382153,1.78,46.6,,4.6,,11.7,,6.2,28,F,0.218,4-D7,6,0.7129,,,,,4.05,,,1.504,2-G7,N,Y,5,Y,Y,0.092,1.1,1,1.1,1.2,0.8,0.9,0.8,0.7,,10/29/21,77.3,11/3/21,21.2,0.7257,0.2743,,11/4/21,2,0.3285,922.7887,21.8297,5.986929366,,,,,,,,,,,,,,,,
TN-10-2021,TN-10-2021,TN-10-21,TN-10,8/4/2021 (TN),,Tanada,9/5/21,62.45133,-143.382153,1.984,47.1,,6.9,,12.3,,6.2,28.8,M,0.052,4-D8,,,,,,,,,,1.86,2-G8,N,Y,5,Y,Y,0.026,1.6,0.7,0.8,0.7,0.8,0.7,1,0.7,,10/29/21,111.4,11/3/21,27.8,0.7504,0.2496,,11/4/21,2,0.3018,922.7887,23.4456,5.85087684,,,,,,,,,,,,,,,,
TN-11-2021,TN-11-2021,TN-11-21,TN-11,8/4/2021 (TN),,Tanada,9/5/21,62.45133,-143.382153,1.412,42.5,,3.8,,11.3,,5.6,26.6,F,0.152,4-E1,8,0.6249,,,,,3.75,,,1.21,2-G9,N,Y,5,Y,Y,0.066,0.9,0.9,0.8,0.8,0.7,0.7,1.1,0.8,,10/29/21,102.8,11/3/21,27.2,0.7354,0.2646,,11/4/21,2,0.3422,922.7887,24.3945,6.454575875,,,,,,,,,,,,,,,,
CL-1-2021,CL-1-2021,N/A,N/A,8/3/21 (CL),,Copper Lake,9/5/21,62.42724893,-143.4817789,2.698,51,,6.4,,15.2,,6.5,35.1,F,0.428,4-C7,5,0.7068,,,,,5.25,,,2.162,2-F11,N,Y,5,Y,Y,0.196,1.2,0.8,0.8,0.7,0.7,0.7,0.6,0.7,Gill net capture,10/29/21,97.8,11/3/21,23.3,0.7618,0.2382,,11/4/21,2,0.2729,922.7887,24.2365,5.774135481,,,,,,,,,,,,,,,,
CL-2-2021,CL-2-2021,CL-2-21,CL-2,8/3/2021 (CL),,Copper Lake,9/4/21,62.42724893,-143.4817789,1.27,44.9,,4,,11,,4.5,25,F,,4-B2,,,,,,,,,,1.212,2-E10,N,Y,5,Y,N,,0.4,0.4,0.4,0.4,0.5,0.4,0.4,0.4,Spawned; Floater,10/29/21,49.9,11/3/21,10.7,0.7856,0.2144,,11/4/21,2,0.2185,922.7887,18.6574,4.00068497,,,,,,,,,,,,,,,,
,,,,,,,,,,,,,,,,,,,,,,,,,,,,,,,,,,,,,,,,,,,,,,,,,,,,,,,,,,,,,,,,,,,,,,,,,,,,
Benzoic Acid Standard,,,,,,,,,,,,,,,,,,,,,,,,,,,,,,,,,,,,,,,,,,,,,,,,,,,,,,,9/27/21,4,1.0005,930.9568,26.235,,,,,,,,,,,,,,,,,Benzoic Acid Standard
Benzoic Acid Standard,,,,,,,,,,,,,,,,,,,,,,,,,,,,,,,,,,,,,,,,,,,,,,,,,,,,,,,9/27/21,4,1.0158,930.208,26.2563,,,,,,,,,,,,,,,,,Benzoic Acid Standard
Benzoic Acid Standard,,,,,,,,,,,,,,,,,,,,,,,,,,,,,,,,,,,,,,,,,,,,,,,,,,,,,,,9/27/21,2,1.0041,923.5447,27.3767,,,,,,,,,,,,,,,,,Benzoic Acid Standard
Benzoic Acid Standard,,,,,,,,,,,,,,,,,,,,,,,,,,,,,,,,,,,,,,,,,,,,,,,,,,,,,,,9/27/21,4,0.9938,927.6228,26.3301,,,,,,,,,,,,,,,,,Benzoic Acid Standard
Benzoic Acid Standard,,,,,,,,,,,,,,,,,,,,,,,,,,,,,,,,,,,,,,,,,,,,,,,,,,,,,,,9/28/21,2,0.9919,928.1951,27.2385,,,,,,,,,,,,,,,,,Benzoic Acid Standard
Benzoic Acid Standard,,,,,,,,,,,,,,,,,,,,,,,,,,,,,,,,,,,,,,,,,,,,,,,,,,,,,,,9/28/21,4,1.0259,927.4821,26.3342,,,,,,,,,,,,,,,,,Benzoic Acid Standard
Benzoic Acid Standard,,,,,,,,,,,,,,,,,,,,,,,,,,,,,,,,,,,,,,,,,,,,,,,,,,,,,,,9/28/21,2,1.0202,921.5566,27.4363,,,,,,,,,,,,,,,,,Benzoic Acid Standard
Benzoic Acid Standard,,,,,,,,,,,,,,,,,,,,,,,,,,,,,,,,,,,,,,,,,,,,,,,,,,,,,,,9/28/21,4,1.0089,927.9991,26.3194,,,,,,,,,,,,,,,,,Benzoic Acid Standard
Benzoic Acid Standard,,,,,,,,,,,,,,,,,,,,,,,,,,,,,,,,,,,,,,,,,,,,,,,,,,,,,,,9/28/21,2,1.0073,928.4513,27.2308,,,,,,,,,,,,,,,,,Benzoic Acid Standard
Benzoic Acid Standard,,,,,,,,,,,,,,,,,,,,,,,,,,,,,,,,,,,,,,,,,,,,,,,,,,,,,,,10/4/21,2,1.021,936.3896,26.9977,,,,,,,,,,,,,,,,,Benzoic Acid Standard
Benzoic Acid Standard,,,,,,,,,,,,,,,,,,,,,,,,,,,,,,,,,,,,,,,,,,,,,,,,,,,,,,,10/4/21,4,1.0225,928.3193,26.3102,,,,,,,,,,,,,,,,,Benzoic Acid Standard
Benzoic Acid Standard,,,,,,,,,,,,,,,,,,,,,,,,,,,,,,,,,,,,,,,,,,,,,,,,,,,,,,,10/5/21,4,1.0009,922.7243,26.4713,,,,,,,,,,,,,,,,,Benzoic Acid Standard
Benzoic Acid Standard,,,,,,,,,,,,,,,,,,,,,,,,,,,,,,,,,,,,,,,,,,,,,,,,,,,,,,,10/5/21,2,0.9966,922.8939,27.3963,,,,,,,,,,,,,,,,,Benzoic Acid Standard
Benzoic Acid Standard,,,,,,,,,,,,,,,,,,,,,,,,,,,,,,,,,,,,,,,,,,,,,,,,,,,,,,,10/8/21,2,0.9952,920.3515,27.4727,,,,,,,,,,,,,,,,,Benzoic Acid Standard
Benzoic Acid Standard,,,,,,,,,,,,,,,,,,,,,,,,,,,,,,,,,,,,,,,,,,,,,,,,,,,,,,,10/8/21,4,1.0107,925.0247,26.4048,,,,,,,,,,,,,,,,,Benzoic Acid Standard
Benzoic Acid Standard,,,,,,,,,,,,,,,,,,,,,,,,,,,,,,,,,,,,,,,,,,,,,,,,,,,,,,,10/12/21,2,1.0052,929.1659,27.2097,,,,,,,,,,,,,,,,,Benzoic Acid Standard
Benzoic Acid Standard,,,,,,,,,,,,,,,,,,,,,,,,,,,,,,,,,,,,,,,,,,,,,,,,,,,,,,,10/12/21,4,1.0109,921.9117,26.4948,,,,,,,,,,,,,,,,,Benzoic Acid Standard
Benzoic Acid Standard,,,,,,,,,,,,,,,,,,,,,,,,,,,,,,,,,,,,,,,,,,,,,,,,,,,,,,,10/12/21,2,1.0154,926.2957,27.3054,,,,,,,,,,,,,,,,,Benzoic Acid Standard
Benzoic Acid Standard,,,,,,,,,,,,,,,,,,,,,,,,,,,,,,,,,,,,,,,,,,,,,,,,,,,,,,,10/12/21,4,0.9954,928.1103,26.3162,,,,,,,,,,,,,,,,,Benzoic Acid Standard
Benzoic Acid Standard,,,,,,,,,,,,,,,,,,,,,,,,,,,,,,,,,,,,,,,,,,,,,,,,,,,,,,,10/13/21,2,1.0077,929.162,27.2204,,,,,,,,,,,,,,,,,Benzoic Acid Standard
Benzoic Acid Standard,,,,,,,,,,,,,,,,,,,,,,,,,,,,,,,,,,,,,,,,,,,,,,,,,,,,,,,10/13/21,4,1.0253,921.6703,26.5018,,,,,,,,,,,,,,,,,Benzoic Acid Standard
Benzoic Acid Standard,,,,,,,,,,,,,,,,,,,,,,,,,,,,,,,,,,,,,,,,,,,,,,,,,,,,,,,10/15/21,2,0.9791,927.5813,27.2674,,,,,,,,,,,,,,,,,Benzoic Acid Standard
Benzoic Acid Standard,,,,,,,,,,,,,,,,,,,,,,,,,,,,,,,,,,,,,,,,,,,,,,,,,,,,,,,10/15/21,4,1.0287,924.6927,26.4144,,,,,,,,,,,,,,,,,Benzoic Acid Standard
Benzoic Acid Standard,,,,,,,,,,,,,,,,,,,,,,,,,,,,,,,,,,,,,,,,,,,,,,,,,,,,,,,10/20/21,2,1.0222,926.532,27.2883,,,,,,,,,,,,,,,,,Benzoic Acid Standard
Benzoic Acid Standard,,,,,,,,,,,,,,,,,,,,,,,,,,,,,,,,,,,,,,,,,,,,,,,,,,,,,,,10/20/21,4,1.0146,933.7354,26.1562,,,,,,,,,,,,,,,,,Benzoic Acid Standard
Benzoic Acid Standard,,,,,,,,,,,,,,,,,,,,,,,,,,,,,,,,,,,,,,,,,,,,,,,,,,,,,,,10/21/21,4,0.9719,925.7037,26.3852,,,,,,,,,,,,,,,,,Benzoic Acid Standard
Benzoic Acid Standard,,,,,,,,,,,,,,,,,,,,,,,,,,,,,,,,,,,,,,,,,,,,,,,,,,,,,,,10/21/21,2,0.9797,924.1799,27.3687,,,,,,,,,,,,,,,,,Benzoic Acid Standard
Benzoic Acid Standard,,,,,,,,,,,,,,,,,,,,,,,,,,,,,,,,,,,,,,,,,,,,,,,,,,,,,,,10/21/21,4,0.9996,923.1518,26.4589,,,,,,,,,,,,,,,,,Benzoic Acid Standard
Benzoic Acid Standard,,,,,,,,,,,,,,,,,,,,,,,,,,,,,,,,,,,,,,,,,,,,,,,,,,,,,,,10/21/21,2,0.9755,927.275,26.342,,,,,,,,,,,,,,,,,Benzoic Acid Standard
Benzoic Acid Standard,,,,,,,,,,,,,,,,,,,,,,,,,,,,,,,,,,,,,,,,,,,,,,,,,,,,,,,11/3/21,2,1.0082,927.3673,26.3394,,,,,,,,,,,,,,,,,Benzoic Acid Standard
Benzoic Acid Standard,,,,,,,,,,,,,,,,,,,,,,,,,,,,,,,,,,,,,,,,,,,,,,,,,,,,,,,11/3/21,4,1.0038,930.345,26.2524,,,,,,,,,,,,,,,,,Benzoic Acid Standard
Benzoic Acid Standard,,,,,,,,,,,,,,,,,,,,,,,,,,,,,,,,,,,,,,,,,,,,,,,,,,,,,,,11/4/21,2,1.0349,924.8707,26.4002,,,,,,,,,,,,,,,,,Benzoic Acid Standard
Benzoic Acid Standard,,,,,,,,,,,,,,,,,,,,,,,,,,,,,,,,,,,,,,,,,,,,,,,,,,,,,,,11/4/21,2,1.0058,924.0758,26.4167,0.468546695,,,,,,,,,,,,,,,,Benzoic Acid Standard