Fish_ID_Revised,Fish_ID,GillClip_ID_Revised,GillClip_ID,Collection_Year,Collection_Date,RunTimingGroup,Collection_Location,CollLoc_Distance.m,Processing_Date,Col_Location_Lat,Col_Location_Long,Fish_Wt,Fish_Leng_1,Fish_Leng_1_tape,Fish_Leng_2,Fish_Leng_2_tape,Fish_Ht,Fish_Ht_tape,Fish_Wdth,Fish_Grth,Sex,Gonad_Wt,DWP.,Fem_Fecun_1_num,Fem_Fecun_1_wt,Fem_Fecun_2_num,Fem_Fecun_2_wt,Fem_Fecun_3_num,Fem_Fecun_3_wt,Fem_Egg_Sz_1,Fem_Egg_Sz_2,Fem_Egg_Sz_3,Carcass.guts_Wt,Oto_Well_ID,Strontium_marked_Y.N,Scales_Y.N,Scales_num,Fish_Ground_Y.N,Gonad_Saved_Y.N,Gonad_Saved_wt,Fat_Meter_1._L,Fat_Meter_1._R,Fat_Meter_2._L,Fat_Meter_2._R,Fat_Meter_3._L,Fat_Meter_3._R,Fat_Meter_4._L,Fat_Meter_4._R,Dissect_Comments,Date_LabDryStart,Fish.BagWt_g,Date_LabDryFinal,DryFish.BagWt_g,Pwater,Pdry,Dry_Comments,Date_BCProcess,Bomb_ID_1,Bomb_PelletWt_g_1,EE_Value_1,EnergyDensity_mJ.kg_1,EnergyPDry_1,Bomb_ID_2,Bomb_PelletWt_g_2,EE_value_2,EnergyDensity_mJ.kg_2,EnergyPDry_2,Bomb_ID_3,Bomb_PelletWt_g_3,EE_value_3,EnergyDensity_mJ.kg_3,EnergyPDry_3,Bomb_ID_4,Bomb_PelletWt_g_4,EE_value_4,EnergyDensity_mJ.kg_4,EnergyPDry_4,BC_comments,Mod2.PC1,Mod2.PC2,Mod2.PC3,Mod2.PC4
CC-1-2019,CC1-2019,CC-1-19,CC1,2019,6/1/19,Early,Canyon Creek,128939.07,7/10/19,61.40097,-144.51765,1.884,44.6,45.7,4.3,4.5,12.3,16,NA,28.7,F,0.19,N/A,75,7.7077,77,7.4459,78,7.2065,4,4.3,4.2,1.608,1-A1,N,Y,5,Y,Y,0.062,6.7,7.5,6.6,5.7,5,3.4,2.1,1.4,,9/25/19,234.3,10/2/19,71.9,0.6931,0.3069,NA,10/5/19,4,0.4171,923.5644,25.9311,7.957516389,4,0.2856,923.5644,26.0359,7.989676526,2,0.3265,924.0889,25.6858,7.882240802,NA,NA,NA,NA,NA,NA,-0.026207381,-0.04838298,-0.352496068,0.283820041
CC-2-2019,CC2-2019,CC-2-19,CC2,2019,6/1/19,Early,Canyon Creek,128939.07,7/12/19,61.40097,-144.51765,1.78,44.1,44.8,4.5,5.3,11.2,13,NA,27.6,F,0.21,N/A,33,4.5863,35,5.783,25,3.8223,4.7,4.9,5.1,1.494,1-A2,N,Y,5,Y,Y,0.096,2.1,2.6,2.7,3.5,1.3,2,1,1.2,,9/25/19,214.3,10/2/19,65.2,0.6958,0.3042,NA,10/19/19,4,0.4313,923.5644,24.8424,7.558210359,NA,NA,NA,NA,NA,NA,NA,NA,NA,NA,NA,NA,NA,NA,NA,NA,-0.569328857,-0.520291968,-0.010430268,-0.136422773
CC-3-2019,CC3-2019,CC-3-19,CC3,2019,6/1/19,Early,Canyon Creek,128939.07,7/12/19,61.40097,-144.51765,2.302,48.3,48.5,6.2,6.6,13.2,14.8,NA,31.9,M,0.136,N/A,NA,NA,NA,NA,NA,NA,NA,NA,NA,2.094,1-A3,N,Y,5,Y,Y,0.064,2.4,3.5,NA,NA,NA,NA,NA,NA,,9/25/19,168.2,10/2/19,48.9,0.7093,0.2907,NA,10/19/19,2,0.3699,924.0889,25.3665,7.374684007,NA,NA,NA,NA,NA,NA,NA,NA,NA,NA,NA,NA,NA,NA,NA,NA,2.142993001,-1.054060015,0.245670125,0.215509502
CC-4-2019,CC4-2019,CC-4-19,CC4,2019,6/1/19,Early,Canyon Creek,128939.07,7/12/19,61.40097,-144.51765,2.03,47.6,48.6,4.6,4.9,12.4,14.4,NA,30.1,F,0.154,N/A,58,4.6444,73,5.4999,85,6.7225,3.5,3.7,3.6,1.802,1-A4,N,Y,6,Y,Y,0.082,11.5,12.2,10.3,10.5,5.4,6.3,2.3,2.4,,9/25/19,239.1,10/2/19,82,0.657,0.343,NA,10/19/19,4,0.4117,923.5644,27.4094,9.400128816,NA,NA,NA,NA,NA,NA,NA,NA,NA,NA,NA,NA,NA,NA,NA,NA,0.753108996,-0.172600757,-0.478539934,-0.223609007
CC-5-2019,CC5-2019,CC-5-19,CC5,2019,6/1/19,Early,Canyon Creek,128939.07,7/12/19,61.40097,-144.51765,1.902,45.6,46.6,4.8,5,12.6,13.8,NA,30.1,F,0.17,N/A,32,3.9158,50,5.7295,86,8.5641,4.5,4.9,4.7,NA,1-A5,N,Y,5,Y,Y,0.074,5.9,4.6,6.7,4,3.2,2.2,1.4,1.5,,9/25/19,258.1,10/2/19,79.8,0.6908,0.3092,NA,10/19/19,2,0.3989,924.0889,25.1993,7.791182255,NA,NA,NA,NA,NA,NA,NA,NA,NA,NA,NA,NA,NA,NA,NA,NA,0.636119576,-0.221628503,-0.140902109,0.265864596
CC-6-2019,CC-6-19,CC-6-19,CC-6-19,2019,6/1/19,Early,Canyon Creek,128939.07,9/4/19,61.40097,-144.51765,2.65,48.2,50.1,4.2,4.3,12.5,12.2,7.5,31.6,F,0.15,N/A,28,2.1661,35,3.1075,23,2.042,4,4,4.5,2.392,2-E4,N,Y,5,Y,Y,0.086,6.7,6.5,5.9,6.2,3.6,4,1.8,1.8,,9/25/19,269.3,10/2/19,85.1,0.684,0.316,NA,10/19/19,4,0.3437,923.5644,25.7287,8.130383847,NA,NA,NA,NA,NA,NA,NA,NA,NA,NA,NA,NA,NA,NA,NA,NA,0.85738666,0.353893438,-0.593448994,-0.411072842
CC-7-2019,CC-7-19,CC-7-19,CC-7-19,2019,6/1/19,Early,Canyon Creek,128939.07,9/4/19,61.40097,-144.51765,2.758,50.1,50.3,5.8,6.3,12.3,12.5,7.5,32.6,M,0.04,N/A,NA,NA,NA,NA,NA,NA,NA,NA,NA,2.598,2-E3,N,Y,5,Y,Y,0.022,5.8,5.1,5.2,4.5,3.1,2.7,1.3,1.2,,9/25/19,286.1,10/2/19,89,0.6889,0.3111,NA,10/19/19,2,0.4513,924.0889,25.8823,8.05146697,NA,NA,NA,NA,NA,NA,NA,NA,NA,NA,NA,NA,NA,NA,NA,NA,1.931386096,-0.847774876,0.133695749,-0.68232542
CC-8-2019,CC-8-19,CC-8-19,CC-8-19,2019,6/1/19,Early,Canyon Creek,128939.07,9/4/19,61.40097,-144.51765,2.314,45.5,47.4,4.9,4.9,12.5,12.1,7.4,31.4,M,0.038,N/A,NA,NA,NA,NA,NA,NA,NA,NA,NA,2.208,2-E5,N,Y,5,Y,Y,0.014,6.5,6.3,6.3,5.5,3.6,3.2,2.1,1.9,,9/25/19,284.8,10/2/19,91.8,0.6777,0.3223,NA,10/19/19,4,0.4467,923.5644,25.8971,8.34745007,NA,NA,NA,NA,NA,NA,NA,NA,NA,NA,NA,NA,NA,NA,NA,NA,0.773952303,-0.119166953,0.131143034,0.174821176
CC-9-2019,CC9-2019,CC-9-19,CC9,2019,6/1/19,Early,Canyon Creek,128939.07,7/20/19,61.40097,-144.51765,2.058,45.1,46.5,3.2,4.2,12.2,15.5,NA,29.9,F,0.178,N/A,121,7.5642,150,8.0002,55,5.3414,4.7,4.3,4.9,1.786,1-A11,N,Y,6,Y,Y,0.094,6.1,6.8,5.9,5.4,2.7,3.3,1.1,1.4,,10/2/19,80,10/7/19,26.1,0.6738,0.3263,NA,10/19/19,2,0.2783,924.0889,25.4881,8.315492625,NA,NA,NA,NA,NA,NA,NA,NA,NA,NA,NA,NA,NA,NA,NA,NA,-0.385045816,0.951556505,-0.791196305,-0.076830133
CC-10-2019,CC10-2019,CC-10-19,CC10,2019,6/1/19,Early,Canyon Creek,128939.07,7/20/19,61.40097,-144.51765,1.22,39.5,40.3,3.9,4.5,10.2,12,NA,24.4,M,0.11,N/A,NA,NA,NA,NA,NA,NA,NA,NA,NA,1.008,1-A9,N,Y,6,Y,Y,0.048,4.3,3,2.4,2.3,1.9,1.2,0.7,1,,10/2/19,124.3,10/7/19,36.7,0.7047,0.2953,NA,10/19/19,4,0.2753,923.5644,24.9713,7.372861706,NA,NA,NA,NA,NA,NA,NA,NA,NA,NA,NA,NA,NA,NA,NA,NA,-2.289434023,-0.50913247,0.212165453,0.219757838
CC-11-2019,CC11-2019,CC-11-19,CC11,2019,6/7/19,Early,Canyon Creek,128939.07,7/20/19,61.40097,-144.51765,2.246,47.6,47.8,5,5.5,12.3,14.6,NA,31.6,F,0.11,N/A,50,2.437,86,4.3318,107,4.4964,3,3.5,3.2,2.054,NA lost,N,Y,NA,Y,Y,0.046,12,8.5,12.1,9,6.4,5.8,2.8,2,,10/2/19,167.5,10/7/19,57,0.6597,0.3403,NA,10/19/19,2,0.3781,924.0889,26.7957,9.118536716,NA,NA,NA,NA,NA,NA,NA,NA,NA,NA,NA,NA,NA,NA,NA,NA,1.071255727,-0.278061078,-0.041616611,-0.300645297
CC-12-2019,CC12-2019,CC-12-19,CC12,2019,6/2/19,Early,Canyon Creek,128939.07,7/20/19,61.40097,-144.51765,1.552,42.4,43.4,4.3,4.6,11.4,14.4,NA,28.9,M,0.16,N/A,NA,NA,NA,NA,NA,NA,NA,NA,NA,1.332,1-A7,N,Y,6,Y,,0.076,6.6,8.5,8,9.9,5.9,5.7,1.8,1.8,,10/2/19,133.4,10/7/19,43.3,0.6754,0.3246,NA,10/19/19,4,0.4179,923.5644,26.3229,8.54408973,NA,NA,NA,NA,NA,NA,NA,NA,NA,NA,NA,NA,NA,NA,NA,NA,-0.688553473,-0.076745325,0.25790006,0.175056832
CC-13-2019,CC13-2019,CC-13-19,CC13,2019,6/2/19,Early,Canyon Creek,128939.07,7/20/19,61.40097,-144.51765,2.728,47.8,49.3,6.7,7.3,14.2,15.5,NA,35.6,M,0.108,N/A,NA,NA,NA,NA,NA,NA,NA,NA,NA,2.518,1-B2,N,Y,5,Y,Y,0.058,4.8,4.2,5.4,4,3.4,2.7,1.2,1.3,,10/2/19,242.3,10/7/19,78.4,0.6764,0.3236,NA,10/19/19,2,0.3473,924.0889,26.804,8.67285844,NA,NA,NA,NA,NA,NA,NA,NA,NA,NA,NA,NA,NA,NA,NA,NA,3.123739126,-0.720924213,0.790094679,0.719399592
CC-14-2019,CC14-2019,CC-14-19,CC14,2019,6/2/19,Early,Canyon Creek,128939.07,7/20/19,61.40097,-144.51765,1.542,42.2,42.7,4.1,4.4,11.1,12.5,NA,28.3,F,0.202,N/A,71,6.7367,39,4.2683,31,3.407,4.6,4.2,4.9,1.264,1-A8,N,Y,6,Y,,0.118,7.8,5,5.8,4,4.3,3.8,2.1,1.4,,10/2/19,154.9,10/7/19,48.8,0.685,0.315,NA,10/19/19,4,0.3075,923.5644,25.9787,8.184380633,NA,NA,NA,NA,NA,NA,NA,NA,NA,NA,NA,NA,NA,NA,NA,NA,-1.001091881,-0.049100313,0.190361312,0.051701138
CC-15-2019,CC15-2019,CC-15-19,CC15,2019,6/2/19,Early,Canyon Creek,128939.07,7/20/19,61.40097,-144.51765,2.532,49.1,49.8,4.8,5.2,13.5,15.9,NA,33.1,F,0.2,N/A,81,5.1904,74,4.5571,46,3.8156,4.3,4.3,4.1,2.224,1-A12,N,Y,5,Y,Y,0.104,6.5,6.2,5.1,6.3,4.8,4.7,2.7,1.7,,10/2/19,257.6,10/7/19,82.9,0.6782,0.3218,NA,10/19/19,2,0.3005,924.0889,26.0929,8.397132803,4,0.3661,923.5644,25.4357,8.185634821,2,0.4875,924.0889,26.8773,8.649565877,4,0.3845,923.4282,25.9734,8.358675699,NA,1.845764069,0.230932548,-0.504797464,-0.024050559
CC-16-2019,CC16-2019,CC-16-19,CC16,2019,6/2/19,Early,Canyon Creek,128939.07,7/20/19,61.40097,-144.51765,2.01,45.3,45.5,4.7,5.3,12.7,14.7,NA,31.3,F,0.178,N/A,40,2.4553,39,2.4729,48,2.7325,4,3.9,4,1.748,1-A10,N,Y,NA,Y,Y,0.076,10.3,14,6.1,9.2,5.6,6.1,1.8,2.6,,10/2/19,175.2,10/7/19,60.5,0.6547,0.3453,NA,10/19/19,2,0.3666,924.0889,26.7736,9.245449772,NA,NA,NA,NA,NA,NA,NA,NA,NA,NA,NA,NA,NA,NA,NA,NA,0.71842666,0.060731634,-0.012355069,0.29541611
CC-17-2019,CC17-2019,CC-17-19,CC17,2019,6/2/19,Early,Canyon Creek,128939.07,7/20/19,61.40097,-144.51765,1.708,43.7,44.8,5,5.6,11.8,12.9,NA,28,M,0.108,N/A,NA,NA,NA,NA,NA,NA,NA,NA,NA,1.558,1-A6,N,Y,5,Y,Y,0.58,3.4,4.1,3,3,1.7,2.2,0.9,1.2,,10/2/19,196.6,10/7/19,58,0.705,0.295,NA,10/19/19,4,0.314,923.4282,23.8702,7.042073245,NA,NA,NA,NA,NA,NA,NA,NA,NA,NA,NA,NA,NA,NA,NA,NA,-0.102893468,-0.741617198,0.183561386,0.307913705
CC-18-2019,CC18-2019,CC-18-19,CC18,2019,6/2/19,Early,Canyon Creek,128939.07,7/20/19,61.40097,-144.51765,2.306,46.7,47.4,5.7,6.3,13.6,15.2,NA,32.6,M,0.048,N/A,NA,NA,NA,NA,NA,NA,NA,NA,NA,2.194,1-B1,N,Y,5,Y,Y,0.28,5.8,6.2,6.5,5.9,5.4,4.7,2,1.5,,10/2/19,160.1,10/7/19,51.8,0.6765,0.3235,NA,10/19/19,2,0.4571,924.0889,25.6129,8.286997002,NA,NA,NA,NA,NA,NA,NA,NA,NA,NA,NA,NA,NA,NA,NA,NA,1.908665459,-0.437971556,0.207314536,0.606955634
CC-19-2019,CC19-2019,CC-19-19,CC19,2019,6/2/19,Early,Canyon Creek,128939.07,8/6/19,61.40097,-144.51765,1.688,42.7,43,4.6,5.2,11.2,12.7,5.8,29.6,M,0.056,N/A,NA,NA,NA,NA,NA,NA,NA,NA,NA,1.536,1-F5,N,Y,5,Y,Y,0.028,3.7,4.5,2.7,4.1,2.1,2.2,1.2,1.4,,10/2/19,156.8,10/7/19,50.4,0.6786,0.3214,NA,10/19/19,4,0.4135,923.4282,25.243,8.113821429,NA,NA,NA,NA,NA,NA,NA,NA,NA,NA,NA,NA,NA,NA,NA,NA,-0.503686849,-0.249591397,0.519482179,0.019172025
CC-20-2019,CC20-2019,CC-20-19,CC20,2019,6/2/19,Early,Canyon Creek,128939.07,7/21/19,61.40097,-144.51765,2.55,49.7,50.2,6.8,7,13.2,14.7,NA,32.4,M,0.05,N/A,NA,NA,NA,NA,NA,NA,NA,NA,NA,2.404,1-B4,N,Y,5,Y,Y,0.026,8.9,7.9,9.4,8.2,6.2,5.6,2.6,2.3,,10/2/19,136,10/7/19,46.8,0.6559,0.3441,NA,10/19/19,2,0.3843,924.0889,26.8471,9.238560882,NA,NA,NA,NA,NA,NA,NA,NA,NA,NA,NA,NA,NA,NA,NA,NA,2.690611834,-1.500394794,0.412769829,0.026338938
CC-21-2019,CC21-2019,CC-21-19,CC21,2019,6/19/19,Middle,Canyon Creek,128939.07,8/8/19,61.40097,-144.51765,1.156,37.8,38.8,3.3,3.7,6,11.3,4.9,24.1,F,0.144,N/A,48,3.4487,61,4.7269,44,3.3102,4.2,4.5,4.4,0.956,1-H2,N,Y,5,Y,Y,0.076,2.3,3.4,1.9,2.5,1.7,1.6,1,1,,10/8/19,106.9,10/17/19,33.1,0.6904,0.3096,NA,10/19/19,4,0.2623,923.4282,23.8698,7.390929654,NA,NA,NA,NA,NA,NA,NA,NA,NA,NA,NA,NA,NA,NA,NA,NA,-4.549314316,-0.679685882,1.328802377,-1.819822231
CC-22-2019,CC22-2019,CC-22-19,CC22,2019,6/19/19,Middle,Canyon Creek,128939.07,7/21/19,61.40097,-144.51765,1.968,45.3,46.5,5,5.5,11.8,13.7,NA,29.9,M,0.086,N/A,NA,NA,NA,NA,NA,NA,NA,NA,NA,1.804,1-B5,N,Y,5,Y,Y,0.048,4.4,4.2,4.2,3,2.5,2.1,1.2,0.9,no collection location data with carcass,10/8/19,210.4,10/17/19,62,0.7053,0.2947,NA,10/29/19,2,0.3645,924.0889,25.2043,7.427122624,NA,NA,NA,NA,NA,NA,NA,NA,NA,NA,NA,NA,NA,NA,NA,NA,0.343413351,-0.520997249,0.208235645,-0.075034521
CC-23-2019,CC23-2019,CC-23-19,CC23,2019,6/19/19,Middle,Canyon Creek,128939.07,7/21/19,61.40097,-144.51765,2.04,47.5,48.5,6.1,6.5,12.4,13.5,NA,29.6,M,0.066,N/A,NA,NA,NA,NA,NA,NA,NA,NA,NA,1.904,1-B7,N,Y,5,Y,Y,0.034,2,2.9,2,NA,1.1,1.3,0.9,0.9,"no location dataw/ carcass, gash on fish ommitted",10/17/19,143,10/23/19,40.7,0.7154,0.2846,NA,10/29/19,4,0.3787,923.4282,24.4263,6.952100769,NA,NA,NA,NA,NA,NA,NA,NA,NA,NA,NA,NA,NA,NA,NA,NA,1.399506645,-1.411407007,0.228926155,0.031651662
CC-24-2019,CC24-2019,CC-24-19,CC24,2019,6/19/19,Middle,Canyon Creek,128939.07,8/7/19,61.40097,-144.51765,1.922,43.6,44.4,3.5,4.3,11.8,12.3,6.7,30.5,F,0.208,N/A,48,4.4344,46,4.5046,53,5.9282,5,4.7,5.1,1.616,1-G6,N,Y,5,Y,Y,0.098,4.2,2.9,3.9,2.7,1.7,1.6,1.6,1.3,,10/17/19,167.3,10/23/19,49.4,0.7047,0.2953,NA,10/29/19,2,0.2882,924.0889,25.3818,7.494685714,NA,NA,NA,NA,NA,NA,NA,NA,NA,NA,NA,NA,NA,NA,NA,NA,-0.555595198,0.800518385,-0.221063885,-0.017730471
CC-25-2019,CC25-2019,CC-25-19,CC25,2019,6/19/19,Middle,Canyon Creek,128939.07,7/21/19,61.40097,-144.51765,2.388,50.8,51.6,4.7,5.6,12.3,14.3,NA,31.1,F,0.158,N/A,53,2.267,56,2.1292,78,2.7756,3.3,3,3.1,2.138,1-B3,N,Y,5,Y,Y,0.074,9.3,5.7,6.8,5.6,4.8,2.7,1.8,1.8,,10/8/19,140.7,10/17/19,47.7,0.661,0.339,NA,10/29/19,4,0.3003,923.4282,25.7515,8.730252665,NA,NA,NA,NA,NA,NA,NA,NA,NA,NA,NA,NA,NA,NA,NA,NA,1.341053218,-0.239027064,-0.732418218,-0.881521904
CC-26-2019,CC26-2019,CC-26-19,CC26,2019,6/19/19,Middle,Canyon Creek,128939.07,8/7/19,61.40097,-144.51765,1.994,43.3,45.5,5,5.4,12.2,12.4,6,30.2,M,0.062,N/A,NA,NA,NA,NA,NA,NA,NA,NA,NA,1.848,1-G4,N,Y,5,Y,Y,0.032,1.6,1.6,1.4,1.5,1.3,1.3,0.9,1,,10/8/19,175.6,10/17/19,48.4,0.7244,0.2756,NA,11/5/19,4,0.318,923.4282,24.0224,6.6212082,NA,NA,NA,NA,NA,NA,NA,NA,NA,NA,NA,NA,NA,NA,NA,NA,0.24480561,-0.338516574,0.427677675,0.478577351
CC-27-2019,CC27-2019,CC-27-19,CC27,2019,6/19/19,Middle,Canyon Creek,128939.07,7/21/19,61.40097,-144.51765,1.82,45.1,45.7,5.4,5.6,12.4,13.5,NA,29.4,M,0.094,N/A,NA,NA,NA,NA,NA,NA,NA,NA,NA,1.65,1-B6,N,Y,5,Y,Y,0.052,4.4,3.1,3.8,2.4,2,2.3,1.4,1.1,,10/8/19,132.6,10/17/19,40.2,0.6968,0.3032,NA,11/5/19,2,0.4357,924.0889,25.0554,7.595980995,NA,NA,NA,NA,NA,NA,NA,NA,NA,NA,NA,NA,NA,NA,NA,NA,0.691017527,-0.805062431,0.199043071,0.367471898
CC-28-2019,CC28-2019,CC-28-19,CC28,2019,6/19/19,Middle,Canyon Creek,128939.07,7/21/19,61.40097,-144.51765,1.896,45.2,45.8,5.6,5.7,11.7,13.2,NA,29.3,M,0.08,N/A,NA,NA,NA,NA,NA,NA,NA,NA,NA,1.748,1-B8,N,Y,7,Y,Y,0.044,1.6,1.2,1.4,1.1,1,1,0.8,0.8,,10/8/19,174.1,10/17/19,57.8,0.668,0.332,NA,11/5/19,4,0.3798,923.4282,25.4629,8.453507295,NA,NA,NA,NA,NA,NA,NA,NA,NA,NA,NA,NA,NA,NA,NA,NA,0.508327418,-1.089073852,0.474212525,0.004729634
CC-29-2019,CC29-2019,CC-29-19,CC29,2019,6/19/19,Middle,Canyon Creek,128939.07,7/21/19,61.40097,-144.51765,1.744,43.5,44.3,4.3,4.7,11.6,13.1,NA,29.7,F,0.17,N/A,73,4.5324,52,3.1023,54,3.5869,3.7,4.1,4.3,1.512,1-B9,N,Y,6,Y,Y,0.076,8.9,10.2,6.8,8,6.6,5.5,3.5,3.5,,10/8/19,163.7,10/17/19,52.9,0.6768,0.3232,NA,11/5/19,2,0.4396,924.0889,26.6648,8.616786316,NA,NA,NA,NA,NA,NA,NA,NA,NA,NA,NA,NA,NA,NA,NA,NA,-0.357660258,0.031384077,0.14791692,0.04668554
CC-30-2019,CC30-2019,CC-30-19,CC30,2019,6/19/19,Middle,Canyon Creek,128939.07,8/8/19,61.40097,-144.51765,1.386,38.8,40.4,3.6,4.2,10.9,11.6,5.6,26.6,F,0.188,N/A,32,3.088,39,4.7198,45,5.0096,4.7,4.4,4.8,1.128,1-H3,N,Y,5,Y,Y,0.09,2.2,2.2,2.2,2.1,1.7,1.3,1.3,1.2,,10/8/19,120.7,10/17/19,35.2,0.7084,0.2916,NA,11/10/19,4,0.3216,923.4282,25.4453,7.42066744,2,0.2813,924.0889,24.3311,7.095730903,4,0.2626,923.4282,24.5339,7.154873902,NA,NA,NA,NA,NA,NA,-2.008298207,0.185999733,0.261543533,0.563386372
CC-31-2019,CC31-2019,CC-31-19,CC31,2019,6/19/19,Middle,Canyon Creek,128939.07,8/7/19,61.40097,-144.51765,2.896,49.6,49.9,5.3,5.7,13.3,15.1,6.7,34.2,M,0.044,N/A,NA,NA,NA,NA,NA,NA,NA,NA,NA,2.728,1-G7,N,Y,5,Y,Y,0.022,9.5,8,8,9.4,5.5,5,2.1,2.6,,10/17/19,184.8,10/23/19,61,0.6699,0.3301,NA,11/10/19,4,0.479,923.4282,26.5032,8.748350649,NA,NA,NA,NA,NA,NA,NA,NA,NA,NA,NA,NA,NA,NA,NA,NA,2.200111577,-0.046121551,-0.116428354,-0.208235056
CC-32-2019,CC32-2019,CC-32-19,CC32,2019,6/19/19,Middle,Canyon Creek,128939.07,8/8/19,61.40097,-144.51765,1.86,43.8,44.2,4.8,5.1,11.3,11.4,5.9,28.7,M,0.038,N/A,NA,NA,NA,NA,NA,NA,NA,NA,NA,1.74,1-H5,N,Y,5,Y,Y,0.018,5.3,6.2,5,5.8,2.4,3.2,1.9,1.4,,10/17/19,121.1,10/23/19,39.6,0.673,0.327,NA,11/10/19,2,0.347,923.6164,26.701,8.731293146,NA,NA,NA,NA,NA,NA,NA,NA,NA,NA,NA,NA,NA,NA,NA,NA,-0.307024784,-0.56435668,0.307413511,-0.045272302
CC-33-2019,CC33-2019,CC-33-19,CC33,2019,6/19/19,Middle,Canyon Creek,128939.07,8/8/19,61.40097,-144.51765,2.472,47.7,48,5.2,5.7,13.3,13.2,6.2,32.3,M,0.062,N/A,NA,NA,NA,NA,NA,NA,NA,NA,NA,NA,1-H4,N,Y,5,Y,Y,0.028,6.5,6.1,5.9,6.3,3,4.3,2.2,2.2,,10/17/19,201.5,10/23/19,66.8,0.6685,0.3315,NA,11/10/19,4,0.4173,923.4282,26.6568,8.837093002,NA,NA,NA,NA,NA,NA,NA,NA,NA,NA,NA,NA,NA,NA,NA,NA,1.662057804,-0.177512529,-0.147762634,0.213609637
CC-34-2019,CC34-2019,CC-34-19,CC34,2019,6/19/19,Middle,Canyon Creek,128939.07,8/8/19,61.40097,-144.51765,2.294,48.6,49,4.9,5.4,12,14.1,6.2,30.9,M,0.036,N/A,NA,NA,NA,NA,NA,NA,NA,NA,NA,2.158,1-G11,N,Y,5,Y,Y,0.014,3.3,3.9,1.8,3.5,1.8,1.7,1.1,1.2,,10/17/19,181.8,10/23/19,54.6,0.6997,0.3003,NA,11/10/19,2,0.3334,923.6164,24.8451,7.461729703,NA,NA,NA,NA,NA,NA,NA,NA,NA,NA,NA,NA,NA,NA,NA,NA,0.971194656,-0.388394295,-0.248414933,-0.616537313
CC-35-2019,CC35-2019,CC-35-19,CC35,2019,6/19/19,Middle,Canyon Creek,128939.07,8/6/19,61.40097,-144.51765,1.944,44.9,49.8,4,5.4,10.3,13.4,5.7,29.2,F,0.176,N/A,67,4.1803,49,3.7597,56,3.7773,4.4,4.7,4.1,1.672,1- F2,N,Y,5,Y,Y,0.084,7.1,6.7,7.1,6.2,4.6,2.2,2.2,1.4,small bite mark on right side size of quarter,10/17/19,212.6,10/23/19,66.8,0.6858,0.3142,NA,11/10/19,4,0.3044,923.4282,27.572,8.663262465,NA,NA,NA,NA,NA,NA,NA,NA,NA,NA,NA,NA,NA,NA,NA,NA,-0.874905237,-0.065262239,0.096847757,-0.919318065
CC-36-2019,CC36-2019,CC-36-19,CC36,2019,6/19/19,Middle,Canyon Creek,128939.07,8/8/19,61.40097,-144.51765,1.672,40.9,41.4,3,3.5,11.8,11.5,6.6,28.7,F,0.174,N/A,31,3.2515,42,3.9067,47,4.1473,4.5,5,4.5,1.44,1-H8,N,Y,5,Y,Y,0.08,3.5,3.3,2.6,3.1,2,1.4,1,0.8,,10/17/19,238.7,10/23/19,73.8,0.6908,0.3092,NA,11/10/19,2,0.3456,923.6164,24.1611,7.470000754,NA,NA,NA,NA,NA,NA,NA,NA,NA,NA,NA,NA,NA,NA,NA,NA,-1.390873087,1.025739034,-0.324142046,0.483781809
CC-37-2019,CC37-2019,CC-37-19,CC37,2019,6/19/19,Middle,Canyon Creek,128939.07,8/6/19,61.40097,-144.51765,1.35,40.2,40.5,3.2,3.9,9.7,11.5,5.7,26,F,0.096,N/A,53,3.205,42,3.0111,67,3.4784,4.3,4.5,4.5,1.198,1-F10,N,Y,5,Y,Y,0.04,5.6,6,4.3,4.4,2.1,2.7,1.6,1.6,,10/17/19,173.4,10/23/19,52.1,0.6995,0.3005,NA,11/13/19,4,0.208,923.4282,23.0976,6.939936332,NA,NA,NA,NA,NA,NA,NA,NA,NA,NA,NA,NA,NA,NA,NA,NA,-2.544227684,0.168134798,0.117194896,-0.357335581
CC-38-2019,CC38-2019,CC-38-19,CC38,2019,6/19/19,Middle,Canyon Creek,128939.07,8/6/19,61.40097,-144.51765,2.376,46.3,48.4,5.9,6.9,11.8,14.9,5.9,32.7,M,0.11,N/A,NA,NA,NA,NA,NA,NA,NA,NA,NA,2.146,1-F3,N,Y,5,Y,Y,0.056,2.3,2.5,1.7,1.9,1.7,1.4,1.3,1.1,,10/17/19,176,10/23/19,51.4,0.708,0.292,NA,11/13/19,2,0.2606,923.6164,23.9234,6.986720227,NA,NA,NA,NA,NA,NA,NA,NA,NA,NA,NA,NA,NA,NA,NA,NA,1.232232068,-0.845815392,0.900809299,-0.272891514
CC-39-2019,CC39-2019,CC-39-19,CC39,2019,6/19/19,Middle,Canyon Creek,128939.07,8/8/19,61.40097,-144.51765,1.592,42.2,43.5,4.2,4.4,10.4,12.2,5.6,26.6,F,0.148,N/A,51,4.2178,35,6.532,47,3.0487,4.2,4.3,4.1,1.368,1-H1,N,Y,6,Y,Y,0.07,4.5,4.5,3.2,3.6,2.3,2.4,1.5,1.2,,10/17/19,174.8,10/23/19,56.2,0.6785,0.3215,NA,11/13/19,4,0.2944,923.4282,24.3526,7.82961167,NA,NA,NA,NA,NA,NA,NA,NA,NA,NA,NA,NA,NA,NA,NA,NA,-1.424624321,-0.488055567,0.210720448,-0.222901181
CC-40-2019,CC40-2019,CC-40-19,CC40,2019,6/19/19,Middle,Canyon Creek,128939.07,8/8/19,61.40097,-144.51765,1.66,41.5,42.8,3.5,4.2,11,12.8,5.6,27.5,F,0.186,N/A,48,5.1597,61,6.3251,36,3.9685,4.3,4.4,4.4,1.386,1-G12,N,Y,7,Y,Y,0.08,5.4,5.3,4.7,3.8,3,2.1,1.4,1.3,,10/17/19,170.4,10/23/19,49.5,0.7095,0.2905,NA,11/13/19,2,0.2083,923.6164,23.947,6.956434859,NA,NA,NA,NA,NA,NA,NA,NA,NA,NA,NA,NA,NA,NA,NA,NA,-1.519839801,0.310792056,-0.091750532,0.079043363
CC-41-2019,CC41-2019,CC-41-19,CC41,2019,7/23/19,Late,Canyon Creek,128939.07,8/5/19,61.40097,-144.51765,1.714,41.5,43.4,3.2,3.6,11.3,11.1,6.3,27.6,F,0.248,N/A,47,5.6036,65,6.5207,41,4.417,4.6,4.6,4.8,1.386,1-E1,N,Y,5,Y,Y,0.132,0.7,0.8,0.8,0.7,0.7,0.8,0.7,0.6,,10/24/19,144,10/30/19,37,0.7431,0.2569,NA,11/13/19,4,0.1971,923.4282,22.5385,5.791142361,NA,NA,NA,NA,NA,NA,NA,NA,NA,NA,NA,NA,NA,NA,NA,NA,-1.531292754,0.606292725,-0.316898432,0.193748291
CC-42-2019,CC42-2019,CC-42-19,CC42,2019,7/23/19,Late,Canyon Creek,128939.07,8/2/19,61.40097,-144.51765,1.786,45.1,46.3,4.2,4.5,10.9,13.4,6.3,28.6,F,0.25,N/A,83,7.2886,119,10.9818,95,9.227,4.2,4.4,4.3,1.446,1-D2,N,Y,5,Y,Y,0.134,1,0.9,0.9,0.8,0.8,0.6,0.7,0.6,captured at Haley Creek,10/24/19,130.9,10/30/19,32.7,0.7502,0.2498,NA,11/19/19,2,0.2551,923.6164,22.0973,5.520104736,NA,NA,NA,NA,NA,NA,NA,NA,NA,NA,NA,NA,NA,NA,NA,NA,-0.575411195,-0.223392084,-0.086278561,-0.570316887
CC-43-2019,CC43-2019,CC-43-19,CC43,2019,7/23/19,Late,Canyon Creek,128939.07,8/7/19,61.40097,-144.51765,1.574,40.8,42.1,3.4,4.3,11.2,11.9,6.9,28,F,0.24,N/A,46,5.5006,58,7.383,54,6.9991,5.3,5.4,4.9,1.248,1- G5,N,Y,5,Y,Y,0.112,0.7,0.8,0.9,1,0.7,1.2,0.7,1.1,,10/24/19,213.8,10/30/19,53.9,0.7479,0.2521,NA,11/19/19,4,0.2907,923.4282,22.4857,5.668752245,NA,NA,NA,NA,NA,NA,NA,NA,NA,NA,NA,NA,NA,NA,NA,NA,-1.533944807,0.520383242,-0.028999975,0.270298332
CC-44-2019,CC44-2019,CC-44-19,CC44,2019,7/23/19,Late,Canyon Creek,128939.07,8/5/19,61.40097,-144.51765,2.102,47.8,48.5,4.3,4.7,11.2,12.8,6,29.2,F,0.13,N/A,87,4.5445,44,5.2954,74,3.7995,4.5,4.2,3.9,1.864,1-D11,N,Y,5,Y,Y,0.6,4.9,5.1,3.5,3.2,1.7,2,1,1.6,1 broken oto,10/24/19,84.3,10/30/19,25.6,0.6963,0.3037,NA,11/19/19,2,0.2893,923.6164,25.0205,7.598158956,NA,NA,NA,NA,NA,NA,NA,NA,NA,NA,NA,NA,NA,NA,NA,NA,0.055675204,-0.267461849,-0.436834834,-0.902497634
CC-45-2019,CC45-2019,CC-45-19,CC45,2019,7/23/19,Late,Canyon Creek,128939.07,8/5/19,61.40097,-144.51765,1.812,43.5,47.5,3.7,4.4,10.4,11.4,5.4,26.5,F,0.162,N/A,42,2.7024,33,3.4202,62,4.6541,4.4,4.3,4.5,1.644,1-E5,N,Y,5,Y,Y,0.078,3.9,3.1,3.5,1.9,2.6,1.4,1.1,0.9,,10/24/19,175.7,10/30/19,50.8,0.7109,0.2891,NA,11/19/19,4,0.2904,923.4282,25.0417,7.240286625,2,0.2247,923.6164,25.9849,7.512993284,4,0.3112,923.4282,25.0177,7.233347524,NA,NA,NA,NA,NA,NA,-1.484214279,-0.162353567,-0.247687286,-0.517566748
CC-46-2019,CC46-2019,CC-46-19,CC46,2019,7/23/19,Late,Canyon Creek,128939.07,8/6/19,61.40097,-144.51765,1.5,42.4,42.8,4.6,5.1,10,12.4,5.3,26.1,M,0.046,N/A,NA,NA,NA,NA,NA,NA,NA,NA,NA,1.406,1-F4,N,Y,5,Y,,0.221,8.8,6.9,7,5.5,3,4.2,2.4,2.6,,10/24/19,141.1,10/30/19,47.3,0.6648,0.3352,NA,11/19/19,4,0.2748,923.4282,25.2859,8.476421474,NA,NA,NA,NA,NA,NA,NA,NA,NA,NA,NA,NA,NA,NA,NA,NA,-1.420930762,-0.943829971,0.431396456,-0.391779362
CC-47-2019,CC47-2019,CC-47-19,CC47,2019,7/23/19,Late,Canyon Creek,128939.07,8/5/19,61.40097,-144.51765,2.664,49.6,50,6.1,6.4,11.7,14.1,6.9,31.2,M,0.92,N/A,NA,NA,NA,NA,NA,NA,NA,NA,NA,2.464,1-D12,N,Y,5,Y,Y,0.46,1.7,2,1.3,1.7,1.1,1.1,1,0.9,,10/24/19,154,10/30/19,44,0.7143,0.2857,NA,11/19/19,2,0.2693,923.1981,23.5531,6.729457143,NA,NA,NA,NA,NA,NA,NA,NA,NA,NA,NA,NA,NA,NA,NA,NA,1.603863087,-1.363652273,0.341163496,-0.802259062
CC-48-2019,CC48-2019,CC-48-19,CC48,2019,7/23/19,Late,Canyon Creek,128939.07,8/8/19,61.40097,-144.51765,1.708,42.8,43.2,4.1,4.6,10,10.5,5.9,27.1,M,0.04,N/A,NA,NA,NA,NA,NA,NA,NA,NA,NA,1.612,1-H7,Y,Y,5,Y,Y,0.02,9.4,7.6,8.9,7.1,5,4.8,2.8,3.2,,10/24/19,151.6,10/30/19,45.2,0.7018,0.2982,NA,11/19/19,4,0.3259,923.4282,24.1216,7.191928232,NA,NA,NA,NA,NA,NA,NA,NA,NA,NA,NA,NA,NA,NA,NA,NA,-1.489749753,-0.421487395,0.255634619,-0.585655144
CC-49-2019,CC49-2019,CC-49-19,CC49,2019,7/23/19,Late,Canyon Creek,128939.07,8/8/19,61.40097,-144.51765,2.092,45.8,46.1,4.3,6,11.3,12,7.2,29.5,M,0.07,N/A,NA,NA,NA,NA,NA,NA,NA,NA,NA,1.934,1-H12,N,Y,5,Y,Y,0.036,1,1,1,1,0.9,0.9,0.7,0.9,,10/24/19,145,10/30/19,38,0.7379,0.2621,NA,11/19/19,2,0.2754,923.1981,22.4243,5.876713103,NA,NA,NA,NA,NA,NA,NA,NA,NA,NA,NA,NA,NA,NA,NA,NA,-0.163689791,-0.131965925,-0.130799301,-0.51111116
CC-50-2019,CC50-2019,CC-50-19,CC50,2019,7/23/19,Late,Canyon Creek,128939.07,8/6/19,61.40097,-144.51765,1.874,43.3,44.3,5.3,5.6,11.6,14.1,5.6,27.8,M,0.048,N/A,NA,NA,NA,NA,NA,NA,NA,NA,NA,1.74,1-E11,N,Y,6,Y,Y,0.023,1.6,1.8,1.5,1.2,1.4,1,0.8,0.8,,10/24/19,111.5,10/30/19,30.2,0.7291,0.2709,NA,11/19/19,4,0.2517,923.4282,24.2294,6.562581883,NA,NA,NA,NA,NA,NA,NA,NA,NA,NA,NA,NA,NA,NA,NA,NA,-0.120951794,-1.021152027,0.424948583,0.32320219
CC-51-2019,CC51-2019,CC-51-19,CC51,2019,7/24/19,Late,Canyon Creek,128939.07,8/6/19,61.40097,-144.51765,2.312,47.2,47.9,4.4,4.5,10.7,14,7.5,29.1,F,0.214,N/A,55,6.4186,59,6.5743,53,6.754,4.6,4.8,4.8,1.988,1-E8,N,Y,5,Y,Y,0.098,2.2,2.4,2,1.7,1.4,1.7,1.1,1.1,,10/24/19,145.2,11/3/19,42.8,0.7052,0.2948,NA,11/25/19,2,0.2445,923.1981,22.8154,6.725200551,NA,NA,NA,NA,NA,NA,NA,NA,NA,NA,NA,NA,NA,NA,NA,NA,-0.196870586,-0.415827743,-0.167277973,-1.047559894
CC-52-2019,CC52-2019,CC-52-19,CC52,2019,7/24/19,Late,Canyon Creek,128939.07,8/6/19,61.40097,-144.51765,2.074,47.3,48.1,5.7,6,11.2,12.1,5.7,28.4,M,0.042,N/A,NA,NA,NA,NA,NA,NA,NA,NA,NA,1.964,1-F6,N,Y,5,Y,Y,0.018,2.3,2.2,1.7,1.6,1.6,1.4,1.1,1.4,,10/24/19,211.2,11/3/19,61.8,0.7074,0.2926,NA,11/25/19,4,0.261,923.4282,25.0639,7.33403892,NA,NA,NA,NA,NA,NA,NA,NA,NA,NA,NA,NA,NA,NA,NA,NA,0.562222103,-1.457633177,0.237647451,-0.574827158
CC-53-2019,CC53-2019,CC-53-19,CC53,2019,7/24/19,Late,Canyon Creek,128939.07,8/1/19,61.40097,-144.51765,1.906,45.6,46.9,4.1,4.5,11,13.3,6.8,28.2,F,0.23,N/A,81,13.3802,72,13.6137,68,15.0168,5.2,5.5,5,1.592,1-C12,N,Y,5,Y,Y,0.094,2.6,2.9,1.9,2.2,1.7,1.8,1.2,1.2,,10/30/19,88.9,11/3/19,28,0.685,0.315,NA,11/25/19,2,0.2914,923.1981,24.1328,7.60088189,NA,NA,NA,NA,NA,NA,NA,NA,NA,NA,NA,NA,NA,NA,NA,NA,-0.554279143,-0.207844836,-0.294046461,-0.597471804
CC-54-2019,CC54-2019,CC-54-19,CC54,2019,7/24/19,Late,Canyon Creek,128939.07,8/6/19,61.40097,-144.51765,2.048,46.5,47.4,4.1,4.5,11.7,11.3,6.5,29.3,F,0.166,N/A,59,4.3213,64,4.6523,37,2.3837,4.4,4.6,4.5,1.83,1-F8,Y,Y,5,Y,Y,0.09,7.3,7.1,7.6,6,4.9,3.6,1.5,1.9,,10/30/19,128.4,11/3/19,42.4,0.6698,0.3302,NA,11/25/19,4,0.3942,923.4282,25.2695,8.344445483,NA,NA,NA,NA,NA,NA,NA,NA,NA,NA,NA,NA,NA,NA,NA,NA,-0.017980214,0.030506572,-0.477946001,-0.436005817
CC-55-2019,CC55-2019,CC-55-19,CC55,2019,7/24/19,Late,Canyon Creek,128939.07,8/1/19,61.40097,-144.51765,1.992,47.6,48.5,4.8,5.4,11.3,13.2,5.7,27.4,M,0.076,N/A,NA,NA,NA,NA,NA,NA,NA,NA,NA,1.846,1-C11,N,Y,6,Y,Y,0.04,2.7,2.6,1.9,2,1.1,1.4,1.1,1.1,,10/30/19,126.3,11/3/19,39.1,0.6904,0.3096,NA,11/25/19,2,0.3958,923.1981,23.6377,7.317767775,NA,NA,NA,NA,NA,NA,NA,NA,NA,NA,NA,NA,NA,NA,NA,NA,0.104852316,-0.900002592,-0.428706753,-0.647583297
CC-56-2019,CC56-2019,CC-56-19,CC56,2019,7/24/19,Late,Canyon Creek,128939.07,8/6/19,61.40097,-144.51765,1.847,45,45.8,4.8,5.1,10.4,13.2,6.2,28.7,M,0.034,N/A,NA,NA,NA,NA,NA,NA,NA,NA,NA,1.756,1-F11,N,Y,6,Y,Y,0.014,9.2,8.6,7.3,7,5.8,4,2.9,2.3,,10/30/19,116.4,11/3/19,38.1,0.6727,0.3273,NA,11/25/19,4,0.3136,923.4282,25.5058,8.348547938,NA,NA,NA,NA,NA,NA,NA,NA,NA,NA,NA,NA,NA,NA,NA,NA,-0.493455855,-0.750591097,0.390864735,-0.743848313
CC-57-2019,CC57-2019,CC-57-19,CC57,2019,7/24/19,Late,Canyon Creek,128939.07,8/1/19,61.40097,-144.51765,1.87,44.6,45.2,4.1,4.2,11.7,13.6,7.2,28.4,F,0.26,N/A,119,13.7958,100,12.0315,92,10.8533,5.3,5.4,5.5,1.52,1-C8,N,Y,6,Y,Y,0.122,1.1,1.2,1.1,1.2,1.2,0.9,1,0.7,,10/30/19,156.9,11/3/19,40.5,0.7419,0.2581,NA,11/25/19,2,0.3223,923.1981,22.2181,5.735073614,NA,NA,NA,NA,NA,NA,NA,NA,NA,NA,NA,NA,NA,NA,NA,NA,-0.396745856,-0.030902016,-0.321811636,-0.052932708
CC-58-2019,CC58-2019,CC-58-19,CC58,2019,7/24/19,Late,Canyon Creek,128939.07,8/6/19,61.40097,-144.51765,1.966,45.6,46.1,3.7,3.8,11.6,12,6.7,29.2,F,0.154,N/A,51,4.802,44,3.9192,47,4.6656,4.7,4.4,4.6,1.77,1- F7,Y,Y,5,Y,Y,0.088,8.3,9.8,8.1,6.4,5.1,5.6,1.7,1.3,,10/30/19,101.9,11/3/19,35.5,0.6516,0.3484,NA,11/25/19,4,0.4072,923.4282,25.2995,8.813859176,NA,NA,NA,NA,NA,NA,NA,NA,NA,NA,NA,NA,NA,NA,NA,NA,-0.392410409,0.345651699,-0.533476534,-0.382185031
CC-59-2019,CC59-2019,CC-59-19,CC59,2019,7/24/19,Late,Canyon Creek,128939.07,8/1/19,61.40097,-144.51765,1.592,42.8,43.4,4.6,5.1,10.4,12.5,5.9,27.4,M,0.036,N/A,NA,NA,NA,NA,NA,NA,NA,NA,NA,1.496,1-C10,Y,Y,6,Y,Y,0.018,NA,NA,NA,NA,NA,NA,NA,NA,,10/30/19,118.5,11/3/19,39.1,0.67,0.33,NA,11/25/19,2,0.3608,923.1981,25.4948,8.41220827,NA,NA,NA,NA,NA,NA,NA,NA,NA,NA,NA,NA,NA,NA,NA,NA,-1.056355772,-0.704018312,0.434906216,-0.314817197
CC-60-2019,CC60-2019,CC-60-19,CC60,2019,7/24/19,Late,Canyon Creek,128939.07,8/1/19,61.40097,-144.51765,2.094,46.1,46.7,5,5.5,12.1,13.9,6.2,29.5,M,0.064,N/A,NA,NA,NA,NA,NA,NA,NA,NA,NA,1.95,1-C9,N,Y,8,Y,Y,0.035,2.1,2,1.9,2,1.4,1.4,1.2,1,,10/30/19,116.7,11/3/19,35.9,0.6924,0.3076,NA,11/25/19,4,0.3412,923.4282,23.6536,7.276471637,2,0.2746,923.1981,24.0964,7.412688603,4,0.2967,923.4282,22.8554,7.03092425,NA,NA,NA,NA,NA,NA,0.536797193,-0.563355805,-0.050601236,-0.032935639
BC-1-2020,BC-20-1,BC-1-20,BC-20-1,2020,6/1/20,Early,Baird Canyon,58584.32,7/8/20,60.73831,-144.5687,1.608,40.3,NA,3.8,NA,11.3,NA,6.2,29.1,F,0.086,1-C2,10,0.4423,10,0.2676,NA,NA,4,3.8,NA,1.364,1-B6 ,N,Y,7,Y,Y,0.044,12.1,8.3,11.6,11.9,8.6,12.4,3.6,5.5,,10/6/20,55.5,10/11/20,22.2,0.6,0.4,NA,10/24/20,4,0.6198,923.3249,27.0087,10.80348,4,0.4556,923.3249,26.2067,10.48268,NA,NA,NA,NA,NA,NA,NA,NA,NA,NA,NA,-1.253160735,0.405956295,0.368974361,0.410843927
BC-2-2020,BC-20-2,BC-2-20,BC-20-2,2020,6/1/20,Early,Baird Canyon,58584.32,7/8/20,60.73831,-144.5687,1.356,37.8,NA,3.9,NA,10.8,NA,5.3,27.8,M,0.064,1-C1,NA,NA,NA,NA,NA,NA,NA,NA,NA,1.164,1-B5,N,Y,6,Y,Y,0.034,7.5,8.7,6.2,8.4,9.7,3.9,3.1,1.8,,10/6/20,50.6,10/11/20,18.8,0.6285,0.3715,NA,10/24/20,4,0.4134,923.3249,25.3342,9.412706719,4,0.3589,923.3249,24.9944,9.286456917,NA,NA,NA,NA,NA,NA,NA,NA,NA,NA,NA,-1.917922571,0.151814418,0.753647695,0.664709798
BC-3-2020,BC-20-3,BC-3-20,BC-20-3,2020,6/1/20,Early,Baird Canyon,58584.32,7/7/20,60.73831,-144.5687,1.888,43.5,NA,4.8,NA,11.3,NA,6.4,29.5,M,0.054,1-A7,NA,NA,NA,NA,NA,NA,NA,NA,NA,1.662,1-A7 (1 oto),N,Y,7,Y,Y,0.026,10,9.5,8.8,9.1,6.1,6.2,1.8,2,,10/6/20,42.3,10/11/20,16.5,0.6099,0.3901,NA,10/24/20,4,0.3834,923.3249,27.1322,10.58348227,NA,NA,NA,NA,NA,NA,NA,NA,NA,NA,NA,NA,NA,NA,NA,NA,-0.261783877,-0.434723583,0.460876874,-0.034577405
BC-4-2020,BC-20-4,BC-4-20,BC-20-4,2020,6/1/20,Early,Baird Canyon,58584.32,7/8/20,60.73831,-144.5687,2.142,44.4,NA,3.8,NA,12.8,NA,6.2,29.9,F,0.184,1-B4,10,0.5983,10,0.5543,10,0.6202,4.9,4.9,5,1.738,1-A12,N,Y,7,Y,Y,0.102,10.3,8,8.7,9.7,8.2,6.1,2.6,1.9,,10/6/20,58.1,10/11/20,20.2,0.6523,0.3477,NA,10/24/20,4,0.4073,923.3249,25.8517,8.988026506,NA,NA,NA,NA,NA,NA,NA,NA,NA,NA,NA,NA,NA,NA,NA,NA,0.040615642,0.60448586,-0.557070508,0.455699817
BC-5-2020,BC-20-5,BC-5-20,BC-20-5,2020,6/1/20,Early,Baird Canyon,58584.32,7/8/20,60.73831,-144.5687,2.942,48.1,NA,5.7,NA,14.6,NA,6.8,36.5,M,0.106,1-B7,NA,NA,NA,NA,NA,NA,NA,NA,NA,2.56,1-B3,N,Y,7,Y,Y,0.05,6.4,7.6,9.5,8.5,8.4,7.5,2.6,2.3,,10/6/20,62.9,10/11/20,23.1,0.6328,0.3672,NA,10/24/20,4,0.5602,923.3249,26.2651,9.645847536,NA,NA,NA,NA,NA,NA,NA,NA,NA,NA,NA,NA,NA,NA,NA,NA,2.951192376,0.242593557,0.246184603,0.694375227
BC-6-2020,BC-20-6,BC-6-20,BC-20-6,2020,6/1/20,Early,Baird Canyon,58584.32,7/8/20,60.73831,-144.5687,2.12,43.7,NA,4.1,NA,12.6,NA,6.3,31.6,F,0.14,1-B8,NA,NA,NA,NA,NA,NA,6,NA,NA,1.796,1-B4,N,Y,6,Y,Y,0.066,8.4,9.3,13.5,8.2,12.9,7.8,3.9,3.2,,10/6/20,57.6,10/11/20,22.4,0.6111,0.3889,NA,10/24/20,4,0.5232,923.3249,26.2745,10.21786111,NA,NA,NA,NA,NA,NA,NA,NA,NA,NA,NA,NA,NA,NA,NA,NA,0.190449707,0.617264579,-0.011821015,0.423548119
BC-7-2020,BC-20-7,BC-7-20,BC-20-7,2020,6/1/20,Early,Baird Canyon,58584.32,7/8/20,60.73831,-144.5687,1.418,39.9,NA,3.8,NA,10.7,NA,5,28.1,F,0.108,1-B3,NA,NA,NA,NA,NA,NA,5.5,NA,NA,1.178,1-A11,N,Y,7,Y,Y,0.05,8,12.5,8.4,10.5,5.9,8.7,1.9,1.4,Eggs gooshy,10/6/20,65.3,10/11/20,25.1,0.6156,0.3844,NA,10/24/20,4,0.4224,923.3249,27.3985,10.53142956,NA,NA,NA,NA,NA,NA,NA,NA,NA,NA,NA,NA,NA,NA,NA,NA,-1.664790156,0.179188866,0.464211494,0.209876475
BC-8-2020,BC-20-8,BC-8-20,BC-20-8,2020,6/1/20,Early,Baird Canyon,58584.32,7/8/20,60.73831,-144.5687,1.61,39.9,NA,3.6,NA,11.7,NA,5.6,30,F,0.18,1-B5,10,NA,NA,NA,NA,NA,5,NA,NA,1.272,1-B1,NO READ,Y,7,Y,Y,0.104,6.4,5.1,2.8,2.4,1.4,4.2,0.8,1.3,Caliper reading 1 egg 6.4 mm,10/6/20,66.4,10/11/20,21.7,0.6732,0.3268,NA,10/24/20,4,0.4588,923.3249,25.1628,8.22338494,NA,NA,NA,NA,NA,NA,NA,NA,NA,NA,NA,NA,NA,NA,NA,NA,-1.145986973,0.772616063,0.333861772,0.62205569
BC-9-2020,BC-20-9,BC-9-20,BC-20-9,2020,6/1/20,Early,Baird Canyon,58584.32,7/8/20,60.73831,-144.5687,2.462,47.8,NA,4.6,NA,13.3,NA,6.4,33,M,0.07,1-B6,NA,NA,NA,NA,NA,NA,NA,NA,NA,2.166,1-B2,N,Y,6,Y,Y,0.034,6,6,4.8,7.7,3.2,3.1,1.4,2.6,,10/6/20,60.4,10/11/20,21.2,0.649,0.351,NA,10/24/20,4,0.2702,923.3249,24.6192,8.641176159,NA,NA,NA,NA,NA,NA,NA,NA,NA,NA,NA,NA,NA,NA,NA,NA,1.468041454,0.389691623,-0.371202383,0.074485343
BC-10-2020,BC-20-10,BC-10-20,BC-20-10,2020,6/1/20,Early,Baird Canyon,58584.32,7/8/20,60.73831,-144.5687,1.798,42.6,NA,3.7,NA,12.5,NA,6,30.4,F,0.138,1-C4,NA,NA,NA,NA,NA,NA,5.1,NA,NA,1.49,1-B8,N,Y,5,Y,Y,0.058,5.2,5.1,4.1,4.9,2.4,3.3,2.6,1.1,,10/6/20,50.6,10/11/20,17.6,0.6522,0.3478,NA,10/24/20,4,0.3856,923.3249,24.5659,8.54466087,NA,NA,NA,NA,NA,NA,NA,NA,NA,NA,NA,NA,NA,NA,NA,NA,-0.335938754,0.77727595,-0.188362267,0.570820621
BC-11-2020,BC-20-11,BC-11-20,BC-20-11,2020,6/2/20,Early,Baird Canyon,58584.32,7/7/20,60.73831,-144.5687,1.808,41.7,NA,3.9,NA,11.6,NA,6.3,29.7,F,0.14,1-B2,10,0.385,10,0.4834,10,0.4833,5.5,4.9,5,NA,1-A10,N,Y,7,Y,Y,0.078,16.2,10.2,16.6,14.3,9.7,9.9,2.6,2.2,,10/17/20,47.3,10/30/20,18.5,0.6089,0.3911,NA,11/5/20,4,0.294,923.3249,27.8273,10.8838277,NA,NA,NA,NA,NA,NA,NA,NA,NA,NA,NA,NA,NA,NA,NA,NA,-0.812568417,0.410940045,0.209441481,0.308221316
BC-12-2020,BC-20-12,BC-12-20,BC-20-12,2020,6/2/20,Early,Baird Canyon,58584.32,7/7/20,60.73831,-144.5687,2.348,45.3,NA,5.3,NA,12.8,NA,7.5,32.5,M,0.072,1-A5,NA,NA,NA,NA,NA,NA,NA,NA,NA,2.046,1-A5,N,Y,5,Y,Y,0.028,8.3,6.4,8.3,9.3,5.5,7.4,2.4,3.3,,10/17/20,58.1,10/30/20,20.3,0.6506,0.3494,NA,11/5/20,2,0.4329,923.1981,26.7697,9.353268675,NA,NA,NA,NA,NA,NA,NA,NA,NA,NA,NA,NA,NA,NA,NA,NA,1.179201384,-0.213590775,0.427306046,0.370542082
BC-13-2020,BC-20-13,BC-13-20,BC-20-13,2020,6/2/20,Early,Baird Canyon,58584.32,7/7/20,60.73831,-144.5687,2.798,47.6,NA,5.4,NA,14.7,NA,7.6,36,M,0.082,1-A2,NA,NA,NA,NA,NA,NA,NA,NA,NA,2.546,1-A2,N,Y,5,Y,Y,0.044,7.4,5.2,7.4,5.2,6.3,3.9,1.8,1.5,heart gills not removed for carcass minus guts weight,10/17/20,62.5,10/30/20,22.5,0.64,0.36,NA,11/5/20,4,0.3318,923.3249,26.7268,9.621648,NA,NA,NA,NA,NA,NA,NA,NA,NA,NA,NA,NA,NA,NA,NA,NA,2.719066822,0.436903005,0.07020046,0.820931523
BC-14-2020,BC-20-14,BC-14-20,BC-20-14,2020,6/2/20,Early,Baird Canyon,58584.32,7/7/20,60.73831,-144.5687,3.046,48.4,NA,5.7,NA,14.9,NA,7.8,37,M,0.112,1-B1,NA,NA,NA,NA,NA,NA,NA,NA,NA,2.658,1-A9,N,Y,5,Y,Y,0.052,7.6,7.2,6.7,6.5,6,4.7,1.9,2.3,,10/17/20,54.1,10/30/20,19.6,0.6377,0.3623,NA,11/5/20,2,0.3202,923.1981,27.6168,10.00534713,NA,NA,NA,NA,NA,NA,NA,NA,NA,NA,NA,NA,NA,NA,NA,NA,3.171660478,0.352203925,0.183871929,0.777200635
BC-15-2020,BC-20-15,BC-15-20,BC-20-15,2020,6/2/20,Early,Baird Canyon,58584.32,7/7/20,60.73831,-144.5687,3.002,49.8,NA,6.1,NA,14.6,NA,7.3,35.5,M,0.076,1-A6,NA,NA,NA,NA,NA,NA,NA,NA,NA,2.632,1-A6,N,Y,5,Y,Y,0.034,4,6,3.8,4.2,2.8,3.9,1.6,4.9,,10/17/20,62.3,10/30/20,21.7,0.6517,0.3483,NA,11/5/20,4,0.2681,923.3249,26.3438,9.175930337,4,0.2829,923.1981,26.6939,9.297875281,NA,NA,NA,NA,NA,NA,NA,NA,NA,NA,NA,3.279945795,-0.281080382,0.062627848,0.503347841
BC-16-2020,BC-20-16,BC-16-20,BC-20-16,2020,6/2/20,Early,Baird Canyon,58584.32,7/7/20,60.73831,-144.5687,2.258,46.7,NA,5.2,NA,13,NA,7,31.1,M,0.102,1-A3,NA,NA,NA,NA,NA,NA,NA,NA,NA,1.97,1-A3,N,Y,5,Y,Y,0.052,6.8,6.5,6.5,6.5,6.4,6.6,2.4,3.2,,10/17/20,52.8,10/30/20,18.9,0.642,0.358,NA,11/10/20,4,0.2377,923.3249,26.2758,9.405542045,NA,NA,NA,NA,NA,NA,NA,NA,NA,NA,NA,NA,NA,NA,NA,NA,1.260965022,-0.364233388,-0.078299621,0.291387507
BC-17-2020,BC-20-17,BC-17-20,BC-20-17,2020,6/2/20,Early,Baird Canyon,58584.32,7/7/20,60.73831,-144.5687,1.946,41.7,NA,4.6,NA,12.8,NA,7.1,31.5,M,0.066,1-A4,NA,NA,NA,NA,NA,NA,NA,NA,NA,1.72,1-A4,N,Y,5,Y,Y,0.034,5.2,5.9,4.5,6.3,3.3,4,1.1,1.2,,10/17/20,41.4,10/30/20,15.2,0.6329,0.3671,NA,11/10/20,2,0.3361,922.6597,24.7758,9.096428986,NA,NA,NA,NA,NA,NA,NA,NA,NA,NA,NA,NA,NA,NA,NA,NA,0.205670495,0.319720913,0.464371206,0.960542193
BC-18-2020,BC-20-18,BC-18-20,BC-20-18,2020,6/2/20,Early,Baird Canyon,58584.32,7/7/20,60.73831,-144.5687,1.328,40.9,NA,3.1,NA,10.6,NA,6.4,26,F,0.13,1-A1,10,0.4627,10,2.8037,10,0.2786,4.8,4.5,4.6,1.064,1-A1,N,Y,5,Y,Y,0.05,9.7,9.3,6.1,7.2,3.1,4.2,1.2,2.7,,10/17/20,45.2,10/30/20,15.7,0.6527,0.3473,NA,11/10/20,4,0.2389,923.3249,25.9962,9.02965354,NA,NA,NA,NA,NA,NA,NA,NA,NA,NA,NA,NA,NA,NA,NA,NA,-2.127168966,0.360584545,-0.296186706,-0.008346102
BC-19-2020,BC-20-19,BC-19-20,BC-20-19,2020,6/2/20,Early,Baird Canyon,58584.32,7/7/20,60.73831,-144.5687,1.988,44,NA,3.7,NA,12.4,NA,6,30.9,F,0.12,1-A8,1,NA,NA,NA,NA,NA,4.7,NA,NA,1.682,1-A8,N,Y,5,Y,Y,0.06,16.2,12.7,11.8,10.8,7.9,6,3.6,2.5,,10/17/20,57.2,10/30/20,20.6,0.6399,0.3601,NA,11/10/20,2,0.3533,922.6597,26.7499,9.633705245,NA,NA,NA,NA,NA,NA,NA,NA,NA,NA,NA,NA,NA,NA,NA,NA,-0.115293025,0.782733164,-0.296852115,0.243103999
BC-20-2020,BC-20-20,BC-20-20,BC-20-20,2020,6/2/20,Early,Baird Canyon,58584.32,7/8/20,60.73831,-144.5687,1.942,43.3,NA,3.7,NA,12.5,NA,6,31.4,F,0.114,1-C3,1,NA,NA,NA,NA,NA,5,NA,NA,1.662,1-B7,N,Y,5,Y,Y,0.066,12.6,12.8,11,9.7,6.2,6,1.8,1.6,,10/17/20,53.5,10/30/20,19.4,0.6374,0.3626,NA,11/10/20,4,0.3924,923.3249,25.2556,9.158105421,NA,NA,NA,NA,NA,NA,NA,NA,NA,NA,NA,NA,NA,NA,NA,NA,-0.121863668,0.898753838,-0.154494715,0.394362323
BC-21-2020,BC-20-21,BC-21-20,BC-20-21,2020,6/30/20,Middle,Baird Canyon,58584.32,7/9/20,60.73831,-144.5687,0.936,34.8,NA,3.1,NA,9.1,NA,4.2,23.3,M,0.044,1-C6,NA,NA,NA,NA,NA,NA,NA,NA,NA,0.81,1-B10,N,Y,7,Y,Y,0.022,5.8,7.7,4.5,5.4,1.6,3.8,1.3,2.1,,10/30/20,57.6,11/3/20,19.3,0.6649,0.3351,NA,11/14/20,2,0.4097,955.4635,25.4462,8.526244097,NA,NA,NA,NA,NA,NA,NA,NA,NA,NA,NA,NA,NA,NA,NA,NA,-3.925865726,-0.04347158,0.663960331,0.400379507
BC-22-2020,BC-20-22,BC-22-20,BC-20-22,2020,6/30/20,Middle,Baird Canyon,58584.32,7/10/20,60.73831,-144.5687,1.986,44.8,NA,3.6,NA,12.2,NA,5.6,30.1,F,0.088,1-E1,10,0.1738,10,0.277,10,0.2523,3.2,3.3,3.1,1.728,1-C9,Y,Y,9,Y,Y,0.036,9.7,12.1,11.5,11.4,5.6,6.8,3.5,4.5,,10/30/20,53.9,11/3/20,20.7,0.616,0.384,NA,11/14/20,4,0.4889,923.3249,26.1697,10.05033006,NA,NA,NA,NA,NA,NA,NA,NA,NA,NA,NA,NA,NA,NA,NA,NA,-0.215558594,0.680819094,-0.516799354,0.021888758
BC-23-2020,BC-20-23,BC-23-20,BC-20-23,2020,6/30/20,Middle,Baird Canyon,58584.32,7/9/20,60.73831,-144.5687,2.186,44.2,NA,4.6,NA,13.2,NA,6.5,31.8,M,0.04,1-C5,NA,NA,NA,NA,NA,NA,NA,NA,NA,1.952,1-B9,Y,Y,5,Y,Y,0.016,11.2,9,13.5,12,8.4,9.5,5.2,3.2,,10/30/20,55.9,11/3/20,21.8,0.61,0.39,NA,11/14/20,2,0.3915,955.4635,27.9354,10.89430626,NA,NA,NA,NA,NA,NA,NA,NA,NA,NA,NA,NA,NA,NA,NA,NA,0.766465344,0.332400959,0.022578413,0.719529749
BC-24-2020,BC-20-24,BC-24-20,BC-20-24,2020,6/30/20,Middle,Baird Canyon,58584.32,7/10/20,60.73831,-144.5687,2.442,46.1,NA,6.2,NA,12.7,NA,6,31.8,M,0.078,1-E4,NA,NA,NA,NA,NA,NA,NA,NA,NA,2.176,1-C12,N,Y,7,Y,Y,0.04,5.6,4.4,2.4,2.9,1.5,2.4,1.5,2.4,,10/30/20,67.5,11/3/20,23.9,0.6459,0.3541,NA,11/14/20,4,0.4212,923.3249,26.2508,9.294727704,NA,NA,NA,NA,NA,NA,NA,NA,NA,NA,NA,NA,NA,NA,NA,NA,1.608206177,-1.064143423,0.699590358,0.338901844
BC-25-2020,BC-20-25,BC-25-20,BC-20-25,2020,6/30/20,Middle,Baird Canyon,58584.32,7/10/20,60.73831,-144.5687,1.536,40.8,NA,3.9,NA,11.1,NA,4.9,28,M,0.05,1-E2,NA,NA,NA,NA,NA,NA,NA,NA,NA,1.388,1-C10,N,Y,6,Y,Y,0.024,6,7.2,6.1,6,3.1,2.8,1.3,1.4,,10/30/20,48.5,11/3/20,17.8,0.633,0.367,NA,11/14/20,2,0.3297,955.4635,26.6447,9.778879588,NA,NA,NA,NA,NA,NA,NA,NA,NA,NA,NA,NA,NA,NA,NA,NA,-1.33526332,0.115177012,0.253576237,0.286615638
BC-26-2020,BC-20-26,BC-26-20,BC-20-26,2020,6/30/20,Middle,Baird Canyon,58584.32,7/9/20,60.73831,-144.5687,2.628,48.8,NA,5.8,NA,13.7,NA,6.5,33.8,M,0.064,1-C8,NA,NA,NA,NA,NA,NA,NA,NA,NA,2.352,1-B12,N,Y,6,Y,Y,0.032,4.7,5.1,3.7,3.1,2.6,2.2,1.2,1.1,,10/30/20,60.3,11/3/20,21.4,0.6451,0.3549,NA,11/14/20,4,0.2935,923.3249,27.1363,9.63046136,NA,NA,NA,NA,NA,NA,NA,NA,NA,NA,NA,NA,NA,NA,NA,NA,2.438227487,-0.401989613,0.084687689,0.240864487
BC-27-2020,BC-20-27,BC-27-20,BC-20-27,2020,6/30/20,Middle,Baird Canyon,58584.32,7/9/20,60.73831,-144.5687,0.5,27.7,NA,2.1,NA,7.7,NA,3.5,19.3,M,0.028,1-D4,NA,NA,NA,NA,NA,NA,NA,NA,NA,NA,1-C4,N,Y,8,Y,Y,0.014,8.3,7,6.6,6.2,6.8,4.3,5.3,1.6,,10/30/20,40.5,11/3/20,15,0.6296,0.3704,NA,11/14/20,2,0.2776,955.4635,25.9807,9.622481481,NA,NA,NA,NA,NA,NA,NA,NA,NA,NA,NA,NA,NA,NA,NA,NA,-6.45366354,0.19269793,1.057016325,0.967683647
BC-28-2020,BC-20-28,BC-28-20,BC-20-28,2020,6/30/20,Middle,Baird Canyon,58584.32,7/10/20,60.73831,-144.5687,1.566,41.6,NA,3.1,NA,11.1,NA,5.7,28,F,0.11,1-E6,10,0.2474,10,0.3454,10,0.2944,3.5,3.4,3.8,1.34,1-D2,N,Y,10,Y,Y,0.05,9.2,11.3,6.9,6.3,4.7,2.5,3.4,1.5,,10/30/20,44.7,11/3/20,16.8,0.6242,0.3758,NA,11/14/20,4,0.3338,923.3249,26.5014,9.960257718,NA,NA,NA,NA,NA,NA,NA,NA,NA,NA,NA,NA,NA,NA,NA,NA,-1.600330441,0.708261668,-0.269915358,0.032721191
BC-29-2020,BC-20-29,BC-29-20,BC-20-29,2020,6/30/20,Middle,Baird Canyon,58584.32,7/10/20,60.73831,-144.5687,2.25,47.3,NA,3.8,NA,12,NA,6.2,31.2,F,0.15,1-E8,10,0.2936,10,0.3864,10,0.36,3.9,4.2,4,1.932,1-D4,N,Y,7,Y,Y,0.084,6.5,6.9,5.4,5.4,5.7,9.7,3.2,1.5,Worms on guts,10/30/20,52,11/3/20,18.6,0.6423,0.3577,NA,11/14/20,2,0.3333,955.4635,27.7734,9.934331538,NA,NA,NA,NA,NA,NA,NA,NA,NA,NA,NA,NA,NA,NA,NA,NA,0.288496388,0.562024837,-0.574539414,-0.557697564
BC-30-2020,BC-20-30,BC-30-20,BC-20-30,2020,6/30/20,Middle,Baird Canyon,58584.32,7/10/30,60.73831,-144.5687,1.824,43.9,NA,3.8,NA,11.6,NA,5.4,29,F,0.152,1-E3,10,0.4419,10,0.4323,10,0.3794,4.2,4.2,4.3,1.562,1-C11,N,Y,6,Y,Y,0.082,5.9,5.8,7.9,8.5,5.9,5.4,3.3,2.2,,10/30/20,45.4,11/3/20,17.9,0.6057,0.3943,NA,11/14/20,4,0.3808,923.3249,27.2128,10.72927577,NA,NA,NA,NA,NA,NA,NA,NA,NA,NA,NA,NA,NA,NA,NA,NA,-0.616031543,0.302311411,-0.260279631,-0.05734512
BC-31-2020,BC-20-31,BC-31-20,BC-20-31,2020,7/1/20,Middle,Baird Canyon,58584.32,7/10/20,60.73831,-144.5687,1.27,36.6,NA,3.8,NA,10.8,NA,5,27.1,M,0.07,1-D7,NA,NA,NA,NA,NA,NA,NA,NA,NA,1.086,1-C7,N,Y,7,Y,Y,0.034,6.1,6.5,7.9,5.1,5.6,2.4,0.9,3.1,,11/5/20,57.2,11/10/20,20.5,0.6416,0.3584,NA,11/15/20,2,0.2638,955.4635,25.656,9.194895105,NA,NA,NA,NA,NA,NA,NA,NA,NA,NA,NA,NA,NA,NA,NA,NA,-2.219600988,0.171479591,0.783526227,0.899526178
BC-32-2020,BC-20-32,BC-32-20,BC-20-32,2020,7/1/20,Middle,Baird Canyon,58584.32,7/9/20,60.73831,-144.5687,2.31,44.8,NA,4.1,NA,12.8,NA,6.2,32.7,F,0.236,1-C7,10,0.7544,10,0.5627,10,0.4766,4.5,4.4,4.4,1.88,1-B11,N,Y,7,Y,Y,0.108,5.5,5.5.,5.7,3.3,3.2,5.1,1.6,2.1,,11/5/20,56.1,11/10/20,19.9,0.6453,0.3547,NA,11/15/20,4,0.2715,923.3249,25.9703,9.212281105,NA,NA,NA,NA,NA,NA,NA,NA,NA,NA,NA,NA,NA,NA,NA,NA,0.554793328,0.769761376,-0.080786264,0.279321806
BC-33-2020,BC-20-33,BC-33-20,BC-20-33,2020,7/1/20,Middle,Baird Canyon,58584.32,7/9/20,60.73831,-144.5687,1.834,43,NA,3.5,NA,11.5,NA,6.1,29,F,0.158,1-D5,NA,NA,NA,NA,NA,NA,5.2,NA,NA,1.518,1-C5,N,Y,10,Y,Y,0.078,6.7,3.4,6.9,6.1,4.4,5.4,2.1,3.2,gooshy eggs,11/5/20,61.2,11/10/20,21.9,0.6422,0.3578,NA,11/15/20,2,0.264,955.4635,26.8669,9.614135784,NA,NA,NA,NA,NA,NA,NA,NA,NA,NA,NA,NA,NA,NA,NA,NA,-0.931524822,0.554336741,-0.251395192,0.005269147
BC-34-2020,BC-20-34,BC-34-20,BC-20-34,2020,7/1/20,Middle,Baird Canyon,58584.32,7/10/20,60.73831,-144.5687,1.832,43.3,NA,4,NA,11.3,NA,5.4,30.4,F,0.142,1-D8,NA,NA,NA,NA,NA,NA,5.1,NA,NA,1.536,1-C8,N,Y,7,Y,Y,0.074,7.6,5.9,3.2,4.2,2.3,2.9,1.8,1.3,"Wormy guts - pete took photo, gooshy eggs",11/5/20,56.8,11/10/20,20.5,0.6391,0.3609,NA,11/15/20,4,0.3874,923.3249,26.7063,9.63871743,NA,NA,NA,NA,NA,NA,NA,NA,NA,NA,NA,NA,NA,NA,NA,NA,-0.573033691,0.329196733,0.207380023,-0.159453735
BC-35-2020,BC-20-35,BC-35-20,BC-20-35,2020,7/1/20,Middle,Baird Canyon,58584.32,7/9/20,60.73831,-144.5687,2.048,46.2,NA,4,NA,11.4,NA,5.9,29.1,F,0.098,1-D6,NA,NA,NA,NA,NA,NA,4.2,NA,NA,1.78,1-C6,N,Y,6,Y,Y,0.042,7.7,6.2,5.7,5.6,3.8,4.2,1.9,3,,11/5/20,56.3,11/10/20,20.4,0.6377,0.3623,NA,11/15/20,2,0.3912,955.4635,26.5213,9.609849378,4,0.4298,923.3249,25.8724,9.374723979,NA,NA,NA,NA,NA,NA,NA,NA,NA,NA,NA,-0.252784692,0.04317253,-0.425357778,-0.548764734
BC-36-2020,BC-20-36,BC-36-20,BC-20-36,2020,7/1/20,Middle,Baird Canyon,58584.32,7/9/20,60.73831,-144.5687,1.548,40.1,NA,3.7,NA,11.2,NA,5.1,28.4,F,0.124,1-D3,10,0.4618,10,0.3906,10,0.4142,3.9,4.2,4,NA,1-C3,N,Y,5,Y,Y,0.064,7.9,10.6,6.8,6.9,4,4.9,1.1,3.1,,11/5/20,56.1,11/10/20,20.3,0.6381,0.3619,NA,11/15/20,2,0.4738,955.4635,28.467,10.30089305,NA,NA,NA,NA,NA,NA,NA,NA,NA,NA,NA,NA,NA,NA,NA,NA,-1.44855766,0.372226413,0.280776322,0.415001993
BC-37-2020,BC-20-37,BC-37-20,BC-20-37,2020,7/1/20,Middle,Baird Canyon,58584.32,7/9/20,60.73831,-144.5687,2.684,47.3,NA,6.2,NA,13.3,NA,6.3,33,M,0.084,1-D2,NA,NA,NA,NA,NA,NA,NA,NA,NA,2.392,1-C2,N,Y,9,Y,Y,0.04,2.8,3.1,2.4,3.1,1.8,1.5,1,1,,11/5/20,57.3,11/10/20,22.2,0.6126,0.3874,NA,11/15/20,4,0.4203,923.3249,23.9636,9.284326702,NA,NA,NA,NA,NA,NA,NA,NA,NA,NA,NA,NA,NA,NA,NA,NA,2.159362995,-0.837984509,0.514145628,0.388032737
BC-38-2020,BC-20-38,BC-38-20,BC-20-38,2020,7/1/20,Middle,Baird Canyon,58584.32,7/9/20,60.73831,-144.5687,2.402,46.6,NA,5.5,NA,13.6,NA,6.8,32.9,M,0.028,1-D1,NA,NA,NA,NA,NA,NA,NA,NA,NA,2.184,1-C1,Y,Y,8,Y,Y,0.016,10.5,8.7,7.9,8.6,5.5,8.1,4.5,4,,11/5/20,72.1,11/10/20,27.8,0.6144,0.3856,NA,11/15/20,2,0.4367,955.4635,28.3494,10.93083662,NA,NA,NA,NA,NA,NA,NA,NA,NA,NA,NA,NA,NA,NA,NA,NA,1.831888911,-0.234012955,0.161541849,0.580601955
BC-39-2020,BC-20-39,BC-39-20,BC-20-39,2020,7/1/20,Middle,Baird Canyon,58584.32,7/10/20,60.73831,-144.5687,1.786,42.2,NA,3.9,NA,11.5,NA,5.3,29.8,F,0.078,1-E7,10,0.1876,10,0.1959,10,0.1616,3.6,3.4,3.4,1.58,1-D3,N,Y,5,Y,Y,0.034,7.7,8.9,8.6,6.4,6.5,5.2,3,3.5,,11/5/20,69.2,11/10/20,26.4,0.6185,0.3815,NA,11/15/20,4,0.4372,923.3249,27.5083,10.49449595,NA,NA,NA,NA,NA,NA,NA,NA,NA,NA,NA,NA,NA,NA,NA,NA,-0.768403746,0.391200857,0.178508076,0.160569585
BC-40-2020,BC-20-40,BC-40-20,BC-20-40,2020,7/1/20,Middle,Baird Canyon,58584.32,7/10/20,60.73831,-144.5687,2.686,45.6,NA,5.8,NA,13.4,NA,6,33.7,M,0.026,1-E5,NA,NA,NA,NA,NA,NA,NA,NA,NA,2.442,1-D1,Y,Y,10,Y,Y,0.012,10.7,8.9,11,9.3,6.5,5.5,3,2,,11/5/20,66.9,11/10/20,25.1,0.6248,0.3752,NA,11/15/20,2,0.4854,955.4635,29.8175,11.18713378,NA,NA,NA,NA,NA,NA,NA,NA,NA,NA,NA,NA,NA,NA,NA,NA,1.837411589,-0.343016381,0.627819991,0.648990276
CA-1-2020,CA-20-41,CA-1-20,CA-20-41,2020,8/5/20,Late,Chitina Airport,150114.06,9/23/20,61.586499,-144.427586,1.492,41.8,NA,4.8,NA,9.9,NA,5.1,25.4,M,0.018,2-B6,NA,NA,NA,NA,NA,NA,NA,NA,NA,1.366,2-B2,Y,Y,6,Y,Y,0.01,3.9,3.3,3.2,2.4,1.6,1.2,0.8,0.8,,11/14/20,121.1,11/19/20,35.2,0.7093,0.2907,NA,11/23/20,2,0.4236,955.4635,25.2043,7.326105367,NA,NA,NA,NA,NA,NA,NA,NA,NA,NA,NA,NA,NA,NA,NA,NA,-1.531580908,-1.196193252,0.554201873,-0.27475256
CA-2-2020,CA-20-42,CA-2-20,CA-20-42,2020,8/6/20,Late,Chitina Airport,150114.06,9/23/20,61.586499,-144.427586,2.206,45.3,NA,6.3,NA,11.8,NA,5.6,29.2,M,0.064,2-A7 ,NA,NA,NA,NA,NA,NA,NA,NA,NA,1.994,2-A7,N,Y,5,Y,Y,0.03,1.1,0.8,0.8,0.8,1.3,0.8,1.6,0.7,,11/14/20,115.1,11/19/20,31.3,0.7281,0.2719,NA,11/23/20,4,0.3961,923.3249,23.4554,6.378401564,NA,NA,NA,NA,NA,NA,NA,NA,NA,NA,NA,NA,NA,NA,NA,NA,0.886590559,-1.637337252,0.772177682,0.144980869
CA-3-2020,CA-20-43,CA-3-20,CA-20-43,2020,8/6/20,Late,Chitina Airport,150114.06,9/28/20,61.586499,-144.427586,2.29,46.7,NA,3.9,NA,12,NA,5.8,30.8,F,0.266,Fin Well ID 3(2),NA,NA,NA,NA,NA,NA,5.1,NA,NA,1.93,2-E3,N,Y,5,Y,Y,0.116,0.7,0.7,0.7,0.8,0.8,0.8,0.8,0.7,,11/14/20,175,11/19/20,47.7,0.7274,0.2726,NA,11/24/20,2,0.394,955.4635,23.7983,6.486736629,NA,NA,NA,NA,NA,NA,NA,NA,NA,NA,NA,NA,NA,NA,NA,NA,0.203762284,0.447599464,-0.49032295,-0.416529139
CA-4-2020,CA-20-44,CA-4-20,CA-20-44,2020,8/6/20,Late,Chitina Airport,150114.06,9/28/20,61.586499,-144.427586,1.492,41.4,NA,3.5,NA,10,NA,5,26,F,0.158,Fin well ID 7(2),10,0.804,NA,NA,NA,NA,4.2,NA,NA,1.248,2-E7,N,Y,5,Y,Y,0.076,1,0.7,0.7,1.2,0.6,0.7,0.5,0.9,,11/14/20,108.1,11/19/20,28.1,0.7401,0.2599,NA,11/24/20,2,0.4491,955.4635,23.668,6.152366327,NA,NA,NA,NA,NA,NA,NA,NA,NA,NA,NA,NA,NA,NA,NA,NA,-2.104269396,-0.063887408,0.006499133,-0.364774538
CA-5-2020,CA-20-45,CA-5-20,CA-20-45,2020,8/6/20,Late,Chitina Airport,150114.06,9/23/20,61.586499,-144.427586,1.452,40.6,NA,4.5,NA,10.6,NA,4.7,26.1,M,0.048,2-B5,NA,NA,NA,NA,NA,NA,NA,NA,NA,1.312,2-B1,N,Y,6,Y,Y,0.024,3.9,1.6,1.5,1.5,1.4,1.4,0.8,0.8,,11/14/20,161.5,11/19/20,48.1,0.7022,0.2978,NA,11/24/20,2,0.4778,955.4635,23.399,6.968990093,NA,NA,NA,NA,NA,NA,NA,NA,NA,NA,NA,NA,NA,NA,NA,NA,-1.490964071,-0.704031291,0.471961036,0.236442673
CA-6-2020,CA-20-46,CA-6-20,CA-20-46,2020,8/6/20,Late,Chitina Airport,150114.06,9/23/20,61.586499,-144.427586,1.17,38.1,NA,4.8,NA,9.7,NA,4.2,23.9,M,0.056,2-A5 ,NA,NA,NA,NA,NA,NA,NA,NA,NA,1.032,2-A5,N,Y,6,Y,Y,0.028,1.6,1.5,2.9,1.2,2.3,0.9,1.6,0.8,,11/14/20,183.8,11/19/20,51.9,0.7176,0.2824,NA,11/24/20,2,0.3783,955.4635,24.0486,6.790654733,NA,NA,NA,NA,NA,NA,NA,NA,NA,NA,NA,NA,NA,NA,NA,NA,-2.321513232,-1.309739547,0.950523387,0.349730053
CA-7-2020,CA-20-47,CA-7-20,CA-20-47,2020,8/6/20,Late,Chitina Airport,150114.06,9/28/20,61.586499,-144.427586,1.63,41.9,NA,3.6,NA,10.5,NA,5.3,27.6,F,0.19,Fin well ID 48,10,0.7253,NA,NA,NA,NA,5,NA,NA,1.35,2-D12,N,Y,5,Y,Y,0.076,1.3,1.1,1.5,1.3,1,0.8,1.3,0.6,,11/14/20,182.3,11/19/20,54.4,0.7016,0.2984,NA,11/24/20,2,0.3975,955.4635,25.6418,7.651749424,NA,NA,NA,NA,NA,NA,NA,NA,NA,NA,NA,NA,NA,NA,NA,NA,-1.603551411,0.154270953,0.058210518,-0.253172092
CA-8-2020,CA-20-48,CA-8-20,CA-20-48,2020,8/6/20,Late,Chitina Airport,150114.06,9/23/20,61.586499,-144.427586,1.91,44.5,NA,5.1,NA,11.7,NA,5.5,28.1,M,0.058,2-B3,NA,NA,NA,NA,NA,NA,NA,NA,NA,1.752,2-A11,N,Y,5,Y,Y,0.03,4,4.2,3.9,5.1,2.8,1.8,1.2,1.3,,11/14/20,146.8,11/19/20,48.2,0.6717,0.3283,NA,11/24/20,2,0.4147,955.4635,16.4674,5.406871117,NA,NA,NA,NA,NA,NA,NA,NA,NA,NA,NA,NA,NA,NA,NA,NA,0.033018158,-0.850585357,0.159288002,0.121365508
CA-9-2020,CA-20-49,CA-9-20,CA-20-49,2020,8/6/20,Late,Chitina Airport,150114.06,9/24/20,61.586499,-144.427586,1.76,43.4,NA,5.4,NA,10.5,NA,4.9,26.6,M,0.064,2-C1 ,NA,NA,NA,NA,NA,NA,NA,NA,NA,1.592,2-B5,N,Y,6,Y,Y,0.036,0.8,0.8,0.8,0.7,0.7,0.7,0.6,0.6,,11/14/20,114.3,11/19/20,29.7,0.7402,0.2598,NA,11/24/20,2,0.381,955.4635,23.7752,6.177807874,NA,NA,NA,NA,NA,NA,NA,NA,NA,NA,NA,NA,NA,NA,NA,NA,-0.63508984,-1.452581302,0.614434768,-0.211784014
CA-10-2020,CA-20-50,CA-10-20,CA-20-50,2020,8/6/20,Late,Chitina Airport,150114.06,9/23/20,61.586499,-144.427586,2.442,48.2,NA,5.8,NA,13,NA,5.7,30.8,M,0.044,2-B7 ,NA,NA,NA,NA,NA,NA,NA,NA,NA,2.244,2-B3,Y,Y,6,Y,Y,0.024,6.6,5.5,5.9,5.7,3.7,5.6,1.5,2.3,,11/14/20,158.3,11/19/20,55.6,0.6488,0.3512,NA,11/24/20,2,0.4336,955.4635,29.0382,10.19914037,NA,NA,NA,NA,NA,NA,NA,NA,NA,NA,NA,NA,NA,NA,NA,NA,1.734036166,-0.932654569,-0.035275066,0.126838682
CA-11-2020,CA-20-51,CA-11-20,CA-20-51,2020,8/6/20,Late,Chitina Airport,150114.06,9/28/20,61.586499,-144.427586,1.798,44.3,NA,4,NA,10.5,NA,5.2,27,F,0.23,Fin well ID 1(2),10,0.7713,NA,NA,NA,NA,4.6,NA,NA,1.474,2-E1 (1 oto),N,Y,5,Y,Y,0.106,NA,,NA,NA,NA,NA,NA,NA,,11/23/20,96.9,1/5/21,24.6,0.7461,0.2539,NA,2/5/21,4,0.407,923.3249,21.7376,5.518523839,4,0.4458,923.3249,21.4656,5.449471207,NA,NA,NA,NA,NA,NA,NA,NA,NA,NA,NA,-1.127623716,-0.336659891,-0.173514467,-0.588947733
CA-12-2020,CA-20-52,CA-12-20,CA-20-52,2020,8/6/20,Late,Chitina Airport,150114.06,9/28/20,61.586499,-144.427586,1.66,42,NA,3.7,NA,10.5,NA,5,26.8,F,0.18,Fin clip ID: 46,10,0.6211,NA,NA,NA,NA,4.4,NA,NA,1.384,2-D10 (1 oto),Y,Y,6,Y,Y,0.086,4.3,3.5,4.2,2.8,4.5,3.1,2.7,1.9,,11/23/20,108.9,1/5/21,35.4,0.6749,0.3251,NA,2/5/21,2,0.4661,955.4635,25.5009,8.28954876,NA,NA,NA,NA,NA,NA,NA,NA,NA,NA,NA,NA,NA,NA,NA,NA,-1.630312319,-0.045724379,-0.015122289,-0.214471865
CA-13-2020,CA-20-53,CA-13-20,CA-20-53,2020,8/6/20,Late,Chitina Airport,150114.06,9/28/20,61.586499,-144.427586,1.426,39.9,NA,3.6,NA,10.4,NA,4.7,26.1,F,0.164,Fin well ID: 9(2),NA,NA,NA,NA,NA,NA,4.2,NA,NA,1.198,2-E9 (1 oto),N,Y,6,Y,Y,0.092,0.8,0.8,1.1,1.6,1.9,0.7,0.7,0.6,,11/23/20,108.4,1/5/21,28.6,0.7362,0.2638,NA,2/5/21,2,0.4873,955.4635,23.876,6.299387454,NA,NA,NA,NA,NA,NA,NA,NA,NA,NA,NA,NA,NA,NA,NA,NA,-2.104123672,-0.007760663,0.175867709,0.125194245
CA-14-2020,CA-20-54,CA-14-20,CA-20-54,2020,8/6/20,Late,Chitina Airport,150114.06,,61.586499,-144.427586,2.076,48.5,NA,3.6,NA,10.5,NA,5.4,28,F,0.18,Fin well ID 2(2),NA,NA,NA,NA,NA,NA,4.6,NA,NA,1.806,2-E2,Y,Y,4,Y,Y,0.09,1.3,1.7,1,1.4,0.8,1.3,0.8,0.7,,11/23/20,133,1/5/21,39.7,0.7015,0.2985,NA,2/5/21,4,0.5125,923.3249,18.1292,5.411498045,NA,NA,NA,NA,NA,NA,NA,NA,NA,NA,NA,NA,NA,NA,NA,NA,-0.591827072,-0.035613441,-0.856910034,-1.439761117
CA-16-2020,CA-20-56,CA-16-20,CA-20-56,2020,8/6/20,Late,Chitina Airport,150114.06,9/28/20,61.586499,-144.427586,1.872,44,NA,4,NA,11.2,NA,5.2,28.5,F,0.192,Fin Well ID: 5(2),NA,NA,NA,NA,NA,NA,5.1,NA,NA,1.582,2-E5 (1 OTO),N,Y,6,Y,Y,0.076,2.1,1.6,1.8,1.5,1.6,1.9,1.3,0.8,,11/23/20,110,1/5/21,33.1,0.6991,0.3009,NA,2/5/21,4,0.3226,923.3249,18.0088,5.419011636,NA,NA,NA,NA,NA,NA,NA,NA,NA,NA,NA,NA,NA,NA,NA,NA,-0.722564938,0.006128212,-0.1263942,-0.236721958
CA-17-2020,CA-20-57,CA-17-20,CA-20-57,2020,8/6/20,Late,Chitina Airport,150114.06,9/23/20,61.586499,-144.427586,2.374,49.7,NA,7.2,NA,12.4,NA,6,30.2,M,0.074,2-B1,NA,NA,NA,NA,NA,NA,NA,NA,NA,2.16,2-A9,Y,Y,6,Y,Y,0.038,1.7,1.5,1.7,1.8,1.2,1.5,0.8,1.5,,11/23/20,86.8,1/5/21,26.5,0.6947,0.3053,NA,2/5/21,2,0.4074,955.4635,20.7262,6.327699309,NA,NA,NA,NA,NA,NA,NA,NA,NA,NA,NA,NA,NA,NA,NA,NA,2.314436645,-2.262684078,0.545857343,-0.233678015
CA-18-2020,CA-20-58,CA-18-20,CA-20-58,2020,8/6/20,Late,Chitina Airport,150114.06,9/23/20,61.586499,-144.427586,1.352,40.3,NA,4.8,NA,10,NA,4.6,26,M,0.042,N/A,NA,NA,NA,NA,NA,NA,NA,NA,NA,1.236,2-A2,Y,Y,5,Y,Y,0.02,4.6,3.3,2.8,2,3.4,1.4,1.2,1.4,,11/23/20,114.7,1/5/20,37,0.6774,0.3226,NA,2/5/21,2,0.4213,955.4635,24.9155,8.037258065,NA,NA,NA,NA,NA,NA,NA,NA,NA,NA,NA,NA,NA,NA,NA,NA,-1.644228544,-1.035196668,0.827784761,0.012487302
CA-19-2020,CA-20-59,CA-19-20,CA-20-59,2020,8/6/20,Late,Chitina Airport,150114.06,9/28/20,61.586499,-144.427586,1.336,40,NA,3.8,NA,9.7,NA,4.8,25.6,F,0.134,Fin well ID 47,NA,NA,NA,NA,NA,NA,5.2,NA,NA,1.132,2-D11,N,Y,8,Y,Y,0.064,1.5,2.5,1.2,1.6,1.1,1.2,2,1,,11/23/20,93.4,1/5/21,27.2,0.7088,0.2912,NA,2/5/21,4,0.4181,923.3249,23.8014,6.931456959,NA,NA,NA,NA,NA,NA,NA,NA,NA,NA,NA,NA,NA,NA,NA,NA,-2.33141432,-0.350928611,0.396346643,-0.21640799
CA-20-2020,CA-20-60,CA-20-20,CA-20-60,2020,8/6/20,Late,Chitina Airport,150114.06,9/23/20,61.586499,-144.427586,2.296,47.3,NA,6.2,NA,12,NA,6,29.9,M,0.09,2-B4 ,NA,NA,NA,NA,NA,NA,NA,NA,NA,2.068,2-A12 (1 OTO),Y,Y,6,Y,Y,0.044,4.1,2.8,5.1,2.5,3,1.5,1,0.9,,11/23/20,128,1/5/20,41.3,0.6773,0.3227,NA,2/5/21,2,0.423,955.4635,27.4226,8.848073281,NA,NA,NA,NA,NA,NA,NA,NA,NA,NA,NA,NA,NA,NA,NA,NA,1.290427377,-1.500048179,0.465532606,-0.151108766
BC-1-2021,BC-1-2021,BC-1-21,BC-L-1,2021,6/2/2021 (BC),Early,Baird Canyon,58584.32,6/23/21,60.73831,-144.5687,2.328,45.4,NA,3.3,NA,13.7,NA,7.7,31,F,0.132,1-C1,10,0.4759,NA,NA,NA,NA,5.5,NA,NA,2.088,1-B5,N,Y,5,Y,Y,0.072,9.2,8,9.1,7.6,5.8,5.5,2.5,2.6,,9/24/21,64.7,9/28/21,23.6,0.6352,0.3648,NA,10/1/21,2,0.3798,955.4635,25.689,9.370330757,NA,9.0774,NA,NA,NA,NA,NA,NA,NA,NA,NA,NA,NA,NA,NA,NA,0.433138893,1.259931733,-1.067104868,0.637265312
BC-2-2021,BC-2-2021,BC-2-21,BC-L-2,2021,6/2/2021 (BC),Early,Baird Canyon,58584.32,6/23/21,60.73831,-144.5687,1.646,42.2,NA,3.1,NA,11.4,NA,6.4,28.4,F,0.15,1-C3,10,0.5758,NA,NA,NA,NA,5,NA,NA,1.4,1-B7,N,Y,5,Y,Y,0.084,4.9,4.6,2.7,3.3,1.2,1.4,1.3,1.5,,9/24/21,71.4,9/30/21,22.5,0.6849,0.3151,NA,10/1/21,2,0.2907,955.4635,25.4255,8.012237395,NA,NA,NA,NA,NA,NA,NA,NA,NA,NA,NA,NA,NA,NA,NA,NA,-1.347052301,0.791762861,-0.389982983,0.067856652
BC-3-2021,BC-3-2021,BC-3-21,BC-L-3,2021,6/2/2021 (BC),Early,Baird Canyon,58584.32,6/23/21,60.73831,-144.5687,2.564,46.3,NA,4.1,NA,14.2,NA,7.7,34.3,F,0.222,1-B7,12,0.8384,NA,NA,NA,NA,4.1,NA,NA,2.222,1-B3,N,Y,5,Y,Y,0.11,10.3,10.4,7.8,7.4,5.7,5.2,3.1,4.2,,9/24/21,122,9/30/21,43.1,0.6467,0.3533,NA,10/1/21,4,0.3544,923.3249,26.1136,9.225378361,NA,NA,NA,NA,NA,NA,NA,NA,NA,NA,NA,NA,NA,NA,NA,NA,1.516530203,1.169049442,-0.486538804,0.686938777
BC-4-2021,BC-4-2021,BC-4-21,BC-L-4,2021,6/2/2021 (BC),Early,Baird Canyon,58584.32,6/23/21,60.73831,-144.5687,1.984,46.5,NA,4.3,NA,12.3,NA,6.5,29.5,F,0.088,1-B3,10,0.276,NA,NA,NA,NA,4.5,NA,NA,1.804,1-A11,N,Y,6,Y,Y,0.04,7,14.3,11.5,12.1,3.9,4.4,2.6,3.2,,9/24/21,115,9/30/21,42.9,0.627,0.373,NA,10/1/21,2,0.3475,955.4635,28.4498,10.61301235,NA,NA,NA,NA,NA,NA,NA,NA,NA,NA,NA,NA,NA,NA,NA,NA,0.341408126,-0.001763523,-0.522303063,-0.09396806
BC-5-2021,BC-5-2021,BC-5-21,BC-L-5,2021,6/2/2021 (BC),Early,Baird Canyon,58584.32,6/23/21,60.73831,-144.5687,2.44,46.6,NA,3.3,NA,13.8,NA,7.9,33,F,0.112,1-B8,10,0.1978,NA,NA,NA,NA,4.5,NA,NA,2.198,1-B4,N,Y,5,Y,Y,0.052,7,7.2,6.4,8.5,2.9,3.5,2.6,2.1,,9/24/21,106.6,9/30/21,36.2,0.6604,0.3396,NA,10/1/21,4,0.3263,923.3249,26.0386,8.84237636,NA,NA,NA,NA,NA,NA,NA,NA,NA,NA,NA,NA,NA,NA,NA,NA,0.872234701,1.526095786,-0.998846051,0.373740484
BC-6-2021,BC-6-2021,BC-6-21,BC-L-6,2021,6/2/2021 (BC),Early,Baird Canyon,58584.32,6/11/21,60.73831,-144.5687,3.462,53.6,NA,5.9,NA,14.9,NA,7.8,37,M,0.066,1-A1,NA,NA,NA,NA,NA,NA,NA,NA,NA,3.24,1-A1,N,Y,NA,Y,Y,0.032,15,14.6,10.2,12,4.7,10.3,3.7,3.8,,9/24/21,148.9,9/30/21,55.2,0.6293,0.3707,NA,10/1/21,4,0.4734,923.3249,25.2722,9.368874681,2,0.3773,955.4635,26.8256,9.944748959,4,0.3954,923.3249,26.0424,9.865406987,NA,NA,NA,NA,NA,NA,4.029210366,0.000172007,-0.478736959,-0.112874933
BC-7-2021,BC-7-2021,BC-7-21,BC-L-7,2021,6/2/2021 (BC),Early,Baird Canyon,58584.32,6/23/21,60.73831,-144.5687,1.892,43.6,NA,3.4,NA,12.8,NA,6.4,30.5,F,0.132,1-C4,10,0.3339,NA,NA,NA,NA,5.2,NA,NA,1.674,1-B8,N,Y,5,Y,Y,0.064,7.6,6.4,7,6.5,3.7,4.8,1.4,3.3,,9/24/21,91.6,9/30/21,34.7,0.6212,0.3788,NA,10/1/21,2,0.3331,955.4635,27.0696,10.25453188,NA,NA,NA,NA,NA,NA,NA,NA,NA,NA,NA,NA,NA,NA,NA,NA,-0.200857799,1.035043146,-0.560451238,0.508942368
BC-8-2021,BC-8-2021,BC-8-21,BC-L-8,2021,6/2/2021 (BC),Early,Baird Canyon,58584.32,6/11/21,60.73831,-144.5687,2.306,45.1,NA,4.8,NA,12.5,NA,6.4,71.5,M,0.078,1-A4,NA,NA,NA,NA,NA,NA,NA,NA,NA,2.124,1-A4,N,Y,8,Y,Y,0.038,8.3,8.9,9,9.6,6.1,5.3,2.9,2.9,,9/24/21,104.9,9/30/21,36.8,0.6492,0.3508,NA,10/1/21,4,0.3048,923.3249,26.467,9.284896092,NA,NA,NA,NA,NA,NA,NA,NA,NA,NA,NA,NA,NA,NA,NA,NA,5.138756081,5.904277253,5.621901834,-1.887911915
BC-9-2021,BC-9-2021,BC-9-21,BC-L-9,2021,6/2/2021 (BC),Early,Baird Canyon,58584.32,6/11/21,60.73831,-144.5687,2.682,48.7,NA,4.8,NA,13.8,NA,7.9,34.4,M,0.048,1-A3,NA,NA,NA,NA,NA,NA,NA,NA,NA,2.506,1-A3 (No otoliths),NO READ,Y,NA,Y,Y,0.026,12.4,12.9,11.8,12.4,8.6,8.2,3.5,3.7,,9/24/21,125.3,9/30/21,47.2,0.6233,0.3767,NA,10/1/21,2,0.3223,955.4635,26.7901,10.09172163,NA,NA,NA,NA,NA,NA,NA,NA,NA,NA,NA,NA,NA,NA,NA,NA,2.052859514,0.485269401,-0.354870346,0.140103018
BC-10-2021,BC-10-2021,BC-10-21,BC-L-10,2021,6/2/2021 (BC),Early,Baird Canyon,58584.32,6/11/21,60.73831,-144.5687,1.87,44.8,NA,3.9,NA,12.5,NA,6,30,M,0.04,1-B2,NA,NA,NA,NA,NA,NA,NA,NA,NA,1.732,1-A10,N,Y,NA,Y,Y,0.02,9.9,10,12.1,9.8,5.2,6.4,2.7,3.4,,9/24/21,78.7,9/30/21,31,0.6061,0.3939,NA,10/1/21,4,0.2511,923.3249,23.3946,9.215153748,NA,NA,NA,NA,NA,NA,NA,NA,NA,NA,NA,NA,NA,NA,NA,NA,0.037408868,0.479287924,-0.464838461,0.231634627
BC-11-2021,BC-11-2021,BC-11-21,BC-L-11,2021,6/2/2021 (BC),Early,Baird Canyon,58584.32,6/11/21,60.73831,-144.5687,1.852,42.7,NA,3.8,NA,12.5,NA,6.5,29,M,0.072,1-A8,NA,NA,NA,NA,NA,NA,NA,NA,NA,1.678,1-A8,N,Y,NA,Y,Y,0.038,7.6,8.4,6.8,7.8,2.8,4.2,2,1.8,,9/24/21,100.8,9/29/21,29.6,0.7063,0.2937,NA,10/1/21,2,0.3795,955.4635,26.3579,7.740018254,NA,NA,NA,NA,NA,NA,NA,NA,NA,NA,NA,NA,NA,NA,NA,NA,-0.429600472,0.488545827,-0.343730855,0.641230891
BC-12-2021,BC-12-2021,BC-12-21,BC-L-12,2021,6/2/2021 (BC),Early,Baird Canyon,58584.32,6/23/21,60.73831,-144.5687,2.106,45.3,NA,3.5,NA,12.5,NA,7,30.5,F,0.148,1-B6,10,0.3742,NA,NA,NA,NA,4.5,NA,NA,1.852,1-B2,N,Y,5,Y,Y,0.058,15.5,12.4,12,9.9,5.5,5.5,3.9,2.6,,9/24/21,97,9/29/21,34.1,0.6485,0.3515,NA,10/1/21,4,0.4261,955.4635,27.6429,9.717761753,NA,NA,NA,NA,NA,NA,NA,NA,NA,NA,NA,NA,NA,NA,NA,NA,-0.024720627,0.846002564,-0.672915214,0.060604049
BC-13-2021,BC-13-2021,BC-13-21,BC-L-13,2021,6/2/2021 (BC),Early,Baird Canyon,58584.32,6/23/21,60.73831,-144.5687,1.92,43.8,NA,4.5,NA,11.9,NA,6.3,28.6,F,0.176,1-C2,10,0.5919,NA,NA,NA,NA,6,NA,NA,1.654,1-B6,N,Y,5,Y,Y,0.094,5.4,4.7,4.5,2.9,1.5,2.6,1.3,1.6,,9/26/21,81.8,9/30/21,28.3,0.654,0.346,NA,10/1/21,2,0.2672,955.4635,26.5696,9.192172127,NA,NA,NA,NA,NA,NA,NA,NA,NA,NA,NA,NA,NA,NA,NA,NA,-0.220020754,-0.251449525,-0.031673152,0.242228038
BC-14-2021,BC-14-2021,BC-14-21,BC-L-14,2021,6/2/2021 (BC),Early,Baird Canyon,58584.32,6/23/21,60.73831,-144.5687,1.206,38.8,NA,2.5,NA,10.5,NA,6,25,F,0.092,1-B4,10,0.4723,NA,NA,NA,NA,5,NA,NA,1.052,1-A12,N,Y,5,Y,Y,0.036,10.7,8.2,7.9,8,4.8,2.5,2,2.3,,9/26/21,88.8,9/30/21,28.6,0.6779,0.3221,NA,10/1/21,4,0.2772,923.3249,25.4265,8.189165541,NA,NA,NA,NA,NA,NA,NA,NA,NA,NA,NA,NA,NA,NA,NA,NA,-2.873364629,0.743725511,-0.39992631,0.276782592
BC-15-2021,BC-15-2021,BC-15-21,BC-L-15,2021,6/2/2021 (BC),Early,Baird Canyon,58584.32,6/11/21,60.73831,-144.5687,2.594,47.5,NA,4.4,NA,12.9,NA,7.4,33,M,0.058,1-A2,NA,NA,NA,NA,NA,NA,NA,NA,NA,2.432,1-A2,N,Y,15,Y,Y,0.03,10.8,11.7,13.4,11.9,7.2,8.8,1.6,3.9,,9/26/21,142.4,10/1/21,50.5,0.6454,0.3546,NA,10/5/21,2,0.4605,955.4635,26.8631,9.526590941,NA,NA,NA,NA,NA,NA,NA,NA,NA,NA,NA,NA,NA,NA,NA,NA,1.167498048,0.49418319,-0.313146741,-0.116997209
BC-16-2021,BC-16-2021,BC-16-21,BC-L-16,2021,6/2/2021 (BC),Early,Baird Canyon,58584.32,6/11/21,60.73831,-144.5687,1.898,43.7,NA,4.3,NA,11.5,NA,6.6,29.2,M,0.038,1-B1,NA,NA,NA,NA,NA,NA,NA,NA,NA,1.756,1-A9,N,Y,5,Y,Y,0.016,9.5,7.1,9.3,7.4,5,3.1,3,1.8,,9/26/21,107.4,9/30/21,36.5,0.6601,0.3399,NA,10/1/21,2,0.3388,923.3249,24.3757,8.284106611,NA,NA,NA,NA,NA,NA,NA,NA,NA,NA,NA,NA,NA,NA,NA,NA,-0.424356569,-0.065769861,0.079030056,-0.016281193
BC-17-2021,BC-17-2021,BC-17-21,BC-L-17,2021,6/2/2021 (BC),Early,Baird Canyon,58584.32,6/23/21,60.73831,-144.5687,2.114,46.8,NA,3.8,NA,11.7,NA,6.7,29.8,F,0.124,1-B5,10,0.2936,NA,NA,NA,NA,4,NA,NA,1.898,1-B1,N,Y,5,Y,Y,0.054,16.5,11.7,10.5,8.5,4.1,4.7,3,3.8,,9/26/21,136.2,10/1/21,47.7,0.6498,0.3502,NA,10/5/21,4,0.2614,923.3249,26.1097,9.144146035,NA,NA,NA,NA,NA,NA,NA,NA,NA,NA,NA,NA,NA,NA,NA,NA,-0.06162971,0.326858977,-0.605892198,-0.557641271
BC-18-2021,BC-18-2021,BC-18-21,BC-L-18,2021,6/2/2021 (BC),Early,Baird Canyon,58584.32,6/11/21,60.73831,-144.5687,2.974,50.2,NA,5.7,NA,14.1,NA,7,35,M,0.108,1-A6,NA,NA,NA,NA,NA,NA,NA,NA,NA,2.76,1-A6,N,Y,NA,Y,Y,0.052,7,7.3,5.7,4.5,4.2,3.4,1.7,1.8,,9/26/21,80.9,9/30/21,27.1,0.665,0.335,NA,10/4/21,2,0.3335,955.4635,24.9941,8.372560074,4,0.3421,923.3249,25.7522,8.626509518,NA,NA,NA,NA,NA,NA,NA,NA,NA,NA,NA,2.89039947,-0.13679163,-0.123158595,0.13244999
BC-19-2021,BC-19-2021,BC-19-21,BC-L-19,2021,6/2/2021 (BC),Early,Baird Canyon,58584.32,6/11/21,60.73831,-144.5687,1.792,43.2,NA,4.1,NA,11.6,NA,6.4,29,M,0.07,1-A5,NA,NA,NA,NA,NA,NA,NA,NA,NA,1.652,1-A5,N,Y,5,Y,Y,0.032,6.6,6.5,7.9,9.5,2.4,4.2,1.7,2,,10/4/21,107.9,10/7/21,33.4,0.6905,0.3095,NA,10/8/21,4,0.4112,923.3249,26.3708,8.162972382,NA,NA,NA,NA,NA,NA,NA,NA,NA,NA,NA,NA,NA,NA,NA,NA,-0.575244937,0.094998054,-0.005193854,0.10849857
BC-20-2021,BC-20-2021,BC-20-21,BC-L-20,2021,6/2/2021 (BC),Early,Baird Canyon,58584.32,6/11/21,60.73831,-144.5687,3.154,50.5,NA,4.7,NA,15.1,NA,7.7,37.2,M,0.074,1-A7,NA,NA,NA,NA,NA,NA,NA,NA,NA,2.932,1-A7,N,Y,5,Y,Y,0.034,10.3,9.9,14.1,11.6,9.6,7.6,6.9,4.7,,9/27/21,145,10/4/21,48,0.669,0.331,NA,10/5/21,2,0.2546,955.4635,27.0064,8.940049655,NA,NA,NA,NA,NA,NA,NA,NA,NA,NA,NA,NA,NA,NA,NA,NA,3.104318983,1.112954354,-0.662511485,0.363171328
BC-21-2021,BC-21-2021,BC-21-21,BC-L-21,2021,6/18/2021 (BC),Middle,Baird Canyon,58584.32,6/24/21,60.73831,-144.5687,1.882,44.6,NA,3.9,NA,11.6,NA,7.2,28.5,F,0.166,1-D1,10,0.6253,NA,NA,NA,NA,4.1,NA,NA,1.642,1-C1,N,Y,5,Y,Y,0.066,6.1,7.8,4.6,4.7,1.6,1.7,1,1.2,,9/27/21,122,10/1/21,36.1,0.7041,0.2959,NA,10/5/21,4,0.3192,923.3249,26.0172,7.698532131,NA,NA,NA,NA,NA,NA,NA,NA,NA,NA,NA,NA,NA,NA,NA,NA,-0.521421701,0.124043391,-0.38075919,-0.140449824
BC-22-2021,BC-22-2021,BC-22-21,BC-L-22,2021,6/18/2021 (BC),Middle,Baird Canyon,58584.32,6/25/21,60.73831,-144.5687,2.308,46.1,NA,5,NA,12.8,NA,7.6,31.6,M,0.092,1-E2,NA,NA,NA,NA,NA,NA,NA,NA,NA,2.128,1-C10,N,Y,5,Y,Y,0.05,8,10.3,6.8,10.1,4.6,5,2.3,2.5,,9/27/21,113,10/1/21,39,0.6549,0.3451,NA,10/5/21,2,0.3678,955.4635,25.918,8.945150442,NA,NA,NA,NA,NA,NA,NA,NA,NA,NA,NA,NA,NA,NA,NA,NA,1.052716953,-0.143152953,0.03447249,0.234605139
BC-23-2021,BC-23-2021,BC-23-21,BC-L-23,2021,6/18/2021 (BC),Middle,Baird Canyon,58584.32,6/25/21,60.73831,-144.5687,2.256,44.2,NA,4.5,NA,13.2,NA,7.5,32.8,M,0.094,1-E4,NA,NA,NA,NA,NA,NA,NA,NA,NA,2.084,1-C12,N,Y,5,Y,Y,0.048,6,7,7.2,6.4,2.6,1.9,2.9,1.3,,9/27/21,102,10/4/21,32,0.6863,0.3137,NA,10/5/21,4,0.3031,923.3249,26.0289,8.165929412,NA,NA,NA,NA,NA,NA,NA,NA,NA,NA,NA,NA,NA,NA,NA,NA,0.830179913,0.558201208,0.108562373,0.652601189
BC-24-2021,BC-24-2021,BC-24-21,BC-L-24,2021,6/18/2021 (BC),Middle,Baird Canyon,58584.32,6/25/21,60.73831,-144.5687,3.492,51.1,NA,5.6,NA,14.6,NA,8.1,36.9,M,0.074,1-D7,NA,NA,NA,NA,NA,NA,NA,NA,NA,3.276,1-C7,N,Y,5,Y,Y,0.038,8.5,9.5,6.5,8.8,4.4,4.2,2.9,2.1,,9/27/21,115,10/4/21,38.8,0.6626,0.3374,NA,10/5/21,2,0.5057,955.4635,28.4147,9.586872696,NA,NA,NA,NA,NA,NA,NA,NA,NA,NA,NA,NA,NA,NA,NA,NA,3.387607862,0.266458595,-0.190690433,0.129407167
BC-25-2021,BC-25-2021,BC-25-21,BC-L-25,2021,6/18/2021 (BC),Middle,Baird Canyon,58584.32,6/25/21,60.73831,-144.5687,2.022,46.2,NA,4.8,NA,12.2,NA,6.7,30,M,0.044,1-E8,NA,NA,NA,NA,NA,NA,NA,NA,NA,1.894,1-D4,N,Y,5,Y,Y,0.022,8.6,10.1,8.5,12.2,4.5,4.5,2.7,4.4,,9/27/21,107,10/4/21,36.8,0.6561,0.3439,NA,10/5/21,4,0.3928,923.3249,26.7186,9.189200748,NA,NA,NA,NA,NA,NA,NA,NA,NA,NA,NA,NA,NA,NA,NA,NA,0.551880115,-0.321704051,-0.127281378,-0.051100836
BC-26-2021,BC-26-2021,BC-26-21,BC-L-26,2021,6/18/2021 (BC),Middle,Baird Canyon,58584.32,6/25/21,60.73831,-144.5687,1.396,37.4,NA,3.6,NA,11.4,NA,6.4,27.3,M,0.086,1-E6,NA,NA,NA,NA,NA,NA,NA,NA,NA,1.262,1-D2,N,Y,5,Y,Y,0.044,6,5.9,3.9,4.7,1.8,1.9,1.1,2,,9/27/21,116,10/4/21,34.2,0.7052,0.2948,NA,10/5/21,2,0.4059,955.4635,26.1898,7.721475517,NA,NA,NA,NA,NA,NA,NA,NA,NA,NA,NA,NA,NA,NA,NA,NA,-1.934132644,0.420658435,0.418646939,1.043983439
BC-27-2021,BC-27-2021,BC-27-21,BC-L-27,2021,6/18/2021 (BC),Middle,Baird Canyon,58584.32,6/24/21,60.73831,-144.5687,1.546,40.1,NA,3,NA,10.5,NA,7.2,26.9,F,0.194,1-C5,10,0.859,NA,NA,NA,NA,5.5,NA,NA,1.28,1-B9,N,Y,5,Y,Y,0.09,4.1,5.3,4.5,5.1,4.2,3.2,1.2,1.4,,9/27/21,124,10/1/21,32.9,0.7347,0.2653,NA,10/5/21,4,0.3167,923.3249,25.0733,6.652512661,NA,NA,NA,NA,NA,NA,NA,NA,NA,NA,NA,NA,NA,NA,NA,NA,-2.232084078,0.586120856,-0.077458018,0.017201758
BC-28-2021,BC-28-2021,BC-28-21,BC-L-28,2021,6/18/2021 (BC),Middle,Baird Canyon,58584.32,6/25/21,60.73831,-144.5687,1.964,44.9,NA,4.2,NA,11.7,NA,7.2,29.7,M,0.066,1-E3,NA,NA,NA,NA,NA,NA,NA,NA,NA,1.822,1-C11,N,Y,5,Y,Y,0.032,9,8,6.4,7.2,2.8,2.7,2.2,2.2,,9/27/21,134,10/4/21,45.9,0.6575,0.3425,NA,10/5/21,2,0.3182,955.4635,26.7156,9.151089851,NA,NA,NA,NA,NA,NA,NA,NA,NA,NA,NA,NA,NA,NA,NA,NA,-0.160047148,0.072127727,-0.137407423,-0.160534268
BC-29-2021,BC-29-2021,BC-29-21,BC-L-29,2021,6/18/2021 (BC),Middle,Baird Canyon,58584.32,6/24/21,60.73831,-144.5687,2.126,45.5,NA,3.5,NA,11.8,NA,6.7,30,F,0.11,1-D4,10,0.401,NA,NA,NA,NA,4.3,NA,NA,1.918,1-C4,N,Y,5,Y,Y,0.048,10.4,11.7,8.4,8.5,4.3,4.3,3.6,4.1,,9/27/21,119,10/1/21,43.1,0.6378,0.3622,NA,10/5/21,4,0.3067,923.3249,24.0307,8.70355605,NA,NA,NA,NA,NA,NA,NA,NA,NA,NA,NA,NA,NA,NA,NA,NA,-0.332931446,0.654879127,-0.568615072,-0.32681348
BC-30-2021,BC-30-2021,BC-30-21,BC-L-30,2021,6/18/2021 (BC),Middle,Baird Canyon,58584.32,6/24/21,60.73831,-144.5687,2.546,49,NA,4.1,NA,13.3,NA,7.9,32.5,F,0.06,1-C8,10,0.5788,NA,NA,NA,NA,3.9,NA,NA,2.352,1-B12,N,Y,5,Y,Y,0.06,15.3,15.7,12.1,13.2,8.9,7.1,4.5,3.4,,9/27/21,101,10/4/21,38.2,0.6218,0.3782,NA,10/5/21,2,0.2617,955.4635,28.2575,10.6874901,NA,NA,NA,NA,NA,NA,NA,NA,NA,NA,NA,NA,NA,NA,NA,NA,1.349197566,0.660010442,-0.869606531,-0.181381877
BC-31-2021,BC-31-2021,BC-31-21,BC-L-31,2021,6/18/2021 (BC),Middle,Baird Canyon,58584.32,6/24/21,60.73831,-144.5687,2.308,48.5,NA,4,NA,12.8,NA,7.1,32,F,0.094,1-C7,10,0.4008,NA,NA,NA,NA,3.2,NA,NA,2.134,1-B11,N,Y,5,Y,Y,0.046,20.6,19,15.8,15.5,9.7,6.8,4.5,3.4,,9/27/21,122,10/1/21,43.2,0.6459,0.3541,NA,10/5/21,4,0.3024,923.3249,26.4667,9.371815082,NA,NA,NA,NA,NA,NA,NA,NA,NA,NA,NA,NA,NA,NA,NA,NA,0.971131065,0.604532532,-0.770918983,-0.351119402
BC-32-2021,BC-32-2021,BC-32-21,BC-L-32,2021,6/18/2021 (BC),Middle,Baird Canyon,58584.32,6/24/21,60.73831,-144.5687,1.934,44,NA,4,NA,12.2,NA,7.3,29.8,F,0.074,1-C6,10,0.4018,NA,NA,NA,NA,3.6,NA,NA,1.79,1-B10,N,Y,5,Y,Y,0.034,16.4,17.4,13,13.1,6.3,6.8,4.1,3.5,,9/27/21,104,10/1/21,35.3,0.6606,0.3394,NA,10/5/21,2,0.2865,955.4635,26.4787,8.987481827,NA,NA,NA,NA,NA,NA,NA,NA,NA,NA,NA,NA,NA,NA,NA,NA,-0.175089003,0.355002759,-0.237295018,0.235324276
BC-33-2021,BC-33-2021,BC-33-21,BC-L-33,2021,6/18/2021 (BC),Middle,Baird Canyon,58584.32,6/24/21,60.73831,-144.5687,2.418,48.8,NA,3.5,NA,12.9,NA,7.1,31.3,F,0.112,1-D2,10,0.3886,NA,NA,NA,NA,3.7,NA,NA,2.204,1-C2,N,Y,5,Y,Y,0.056,15.3,15.5,13.4,13.1,9,7.6,4.9,5.1,,9/27/21,92,10/1/21,32.1,0.6511,0.3489,NA,10/5/21,4,0.4372,923.3249,26.8033,9.352020978,2,0.3798,955.4635,27.7401,9.678882717,NA,NA,NA,NA,NA,NA,NA,NA,NA,NA,NA,0.738358806,0.894894796,-1.193285928,-0.383416612
BC-34-2021,BC-34-2021,BC-34-21,BC-L-34,2021,6/18/2021 (BC),Middle,Baird Canyon,58584.32,6/24/21,60.73831,-144.5687,1.906,44.5,NA,3.5,NA,11.2,NA,7.5,29,F,0.188,1-D5,10,0.7367,NA,NA,NA,NA,4.7,NA,NA,1.63,1-C5,N,Y,5,Y,Y,0.096,10.8,9.3,6.7,8,2.8,3.4,1.3,2.4,,9/27/21,103,10/1/21,34.8,0.6621,0.3379,NA,10/5/21,4,0.2759,923.3249,26.8691,9.078103689,NA,NA,NA,NA,NA,NA,NA,NA,NA,NA,NA,NA,NA,NA,NA,NA,-0.832481213,0.450751781,-0.385213296,-0.421831023
BC-35-2021,BC-35-2021,BC-35-21,BC-L-35,2021,6/18/2021 (BC),Middle,Baird Canyon,58584.32,6/25/21,60.73831,-144.5687,2.3,48.1,NA,4.4,NA,12.7,NA,7.4,31.6,M,0.056,1-E1,NA,NA,NA,NA,NA,NA,NA,NA,NA,2.168,1-C9,N,Y,5,Y,Y,0.028,9.3,9.5,7,7.3,2.9,3,1.6,1.4,,9/27/21,106,10/1/21,36.9,0.6519,0.3481,NA,10/5/21,2,0.271,955.4635,27.4529,9.556717075,NA,NA,NA,NA,NA,NA,NA,NA,NA,NA,NA,NA,NA,NA,NA,NA,1.018811667,0.233172093,-0.534999205,-0.257107283
BC-36-2021,BC-36-2021,BC-36-21,BC-L-36,2021,6/18/2021 (BC),Middle,Baird Canyon,58584.32,6/25/21,60.73831,-144.5687,2.016,43.9,NA,4.4,NA,12.4,NA,7.1,30.5,M,0.068,1-D8,NA,NA,NA,NA,NA,NA,NA,NA,NA,1.864,1-C8,N,Y,5,Y,Y,0.032,8,7.9,5.3,6.1,2.2,2,1.8,1.7,,9/27/21,152,10/4/21,48.7,0.6796,0.3204,NA,10/5/21,2,0.3106,955.4635,26.3307,8.436217697,NA,NA,NA,NA,NA,NA,NA,NA,NA,NA,NA,NA,NA,NA,NA,NA,0.159960511,0.181987479,0.018347867,0.38045176
BC-37-2021,BC-37-2021,BC-37-21,BC-L-37,2021,6/18/2021 (BC),Middle,Baird Canyon,58584.32,6/25/21,60.73831,-144.5687,2.668,48.8,NA,4.3,NA,13.7,NA,6.6,33,M,0.078,1-E5,NA,NA,NA,NA,NA,NA,NA,NA,NA,2.468,1-D1,N,Y,5,Y,Y,0.036,4.9,5.3,4.3,5.1,1.8,1.7,1.3,1.3,,9/27/21,115,10/4/21,35.9,0.6878,0.3122,NA,10/5/21,4,0.2958,923.3249,25.2136,7.871028174,NA,NA,NA,NA,NA,NA,NA,NA,NA,NA,NA,NA,NA,NA,NA,NA,1.632224693,0.64833127,-0.785828485,0.071967229
BC-38-2021,BC-38-2021,BC-38-21,BC-L-38,2021,6/18/2021 (BC),Middle,Baird Canyon,58584.32,6/25/21,60.73831,-144.5687,2,44,NA,4.1,NA,12.5,NA,7.5,30.6,M,0.086,1-E7,NA,NA,NA,NA,NA,NA,NA,NA,NA,1.846,1-D3,N,Y,5,Y,Y,0.046,3.7,4,4.1,3.8,1.6,1.4,1.2,1,,10/4/21,118,10/8/21,34.7,0.7059,0.2941,NA,10/8/21,2,0.308,955.4635,26.0478,7.659819153,4,0.2924,923.3249,25.1529,7.396657881,NA,NA,NA,NA,NA,NA,NA,NA,NA,NA,NA,0.082656112,0.442391635,-0.163765138,0.369348104
BC-39-2021,BC-39-2021,BC-39-21,BC-L-39,2021,6/18/2021 (BC),Middle,Baird Canyon,58584.32,6/24/21,60.73831,-144.5687,1.752,43.2,NA,2.9,NA,11.5,NA,6.8,28.4,F,0.138,1-D6,10,0.626,NA,NA,NA,NA,4.1,NA,NA,1.538,1-C6,N,Y,5,Y,Y,0.068,9.1,7.4,6.5,6.3,2.4,2.6,1.6,2.2,,9/27/21,121,10/1/21,39.2,0.676,0.324,NA,10/5/21,2,0.3416,955.4635,27.2615,8.831824793,NA,NA,NA,NA,NA,NA,NA,NA,NA,NA,NA,NA,NA,NA,NA,NA,-1.255839536,0.92550883,-0.66727324,-0.082808372
BC-40-2021,BC-40-2021,BC-40-21,BC-L-40,2021,6/18/2021 (BC),Middle,Baird Canyon,58584.32,6/24/21,60.73831,-144.5687,1.862,42.9,NA,3.8,NA,11.5,NA,6.8,28.5,F,0.136,1-D3,10,0.5761,NA,NA,NA,NA,4.6,NA,NA,1.646,1-C3,N,Y,5,Y,Y,0.062,6.9,7.6,6.6,6.9,1.8,2.3,1.2,1.8,,10/4/21,112.2,10/8/21,35.3,0.6854,0.3146,NA,10/8/21,2,0.305,955.4635,27.1877,8.553705971,NA,NA,NA,NA,NA,NA,NA,NA,NA,NA,NA,NA,NA,NA,NA,NA,-0.858568545,0.250437641,-0.152837209,0.091587964
BC-41-2021,BC-41-2021,BC-41-21,BC-L-41,2021,7/8/2021 (BC),Late,Baird Canyon,58584.32,7/24/21,60.73831,-144.5687,2.19,45.2,NA,4.3,NA,13.1,NA,6.9,31.9,F,0.148,3-A5,10,0.3738,NA,NA,NA,NA,4,NA,NA,1.966,2-A5,N,Y,5,Y,Y,0.078,9.2,9.1,6.4,8.9,3.7,5.3,3.3,4.8,,9/27/21,69,10/1/21,23.7,0.6565,0.3435,NA,10/5/21,4,0.2655,923.3249,26.6856,9.165923478,NA,NA,NA,NA,NA,NA,NA,NA,NA,NA,NA,NA,NA,NA,NA,NA,0.740536628,0.527521823,-0.234052553,0.441350965
BC-42-2021,BC-42-2021,BC-42-21,BC-L-42,2021,7/8/2021 (BC),Late,Baird Canyon,58584.32,7/24/21,60.73831,-144.5687,2.43,49.9,NA,3.8,NA,11.8,NA,6.9,30.2,F,0.152,3-B1,10,0.414,NA,NA,NA,NA,4.4,NA,NA,2.206,2-A9,Y,Y,5,Y,Y,0.074,9,8.5,5.1,8.1,2.3,4,1.8,3.5,,10/4/21,117.2,10/8/21,41.1,0.6493,0.3507,NA,10/8/21,4,0.3305,923.3249,26.7827,9.392226706,NA,NA,NA,NA,NA,NA,NA,NA,NA,NA,NA,NA,NA,NA,NA,NA,0.477478366,0.284703322,-1.0355835,-1.072114029
BC-43-2021,BC-43-2021,BC-43-21,BC-L-43,2021,7/8/2021 (BC),Late,Baird Canyon,58584.32,7/24/21,60.73831,-144.5687,2.164,46.7,NA,4.1,NA,12.2,NA,6.5,30.5,F,0.112,3-B2,10,0.1996,NA,NA,NA,NA,3.8,NA,NA,1.966,2-A10,N,Y,6,Y,Y,0.052,8,6.7,6.4,6.6,3.8,5.8,3.9,4.1,,9/27/21,83,10/4/21,28.2,0.6602,0.3398,NA,10/5/21,2,0.2934,955.4635,26.6235,9.045574699,NA,NA,NA,NA,NA,NA,NA,NA,NA,NA,NA,NA,NA,NA,NA,NA,0.346390277,0.278737376,-0.487585158,-0.264366876
BC-44-2021,BC-44-2021,BC-44-21,BC-L-44,2021,7/8/2021 (BC),Late,Baird Canyon,58584.32,7/23/21,60.73831,-144.5687,2.368,46.1,NA,5.3,NA,12.3,NA,7.1,31,M,0.042,2-C6,NA,NA,NA,NA,NA,NA,NA,NA,NA,2.252,1-F10,Y,Y,6,Y,Y,0.022,6.3,6.6,6.1,6.6,1.9,3.5,2.6,3.2,,9/27/21,85,10/1/21,29.5,0.6529,0.3471,NA,10/5/21,4,0.2868,923.3249,26.7043,9.267962941,NA,NA,NA,NA,NA,NA,NA,NA,NA,NA,NA,NA,NA,NA,NA,NA,0.927914396,-0.543922448,0.248986241,0.038174982
BC-45-2021,BC-45-2021,BC-45-21,BC-L-45,2021,7/8/2021 (BC),Late,Baird Canyon,58584.32,7/24/21,60.73831,-144.5687,1.762,41.4,NA,2.8,NA,11.2,NA,6.8,28.7,F,0.138,3-B3,10,0.3523,NA,NA,NA,NA,4.2,NA,NA,1.552,2-A11,N,Y,5,Y,Y,0.064,3.4,3.7,3.1,2.9,2.6,4.1,1.2,1.6,,9/27/21,87,10/1/21,26.8,0.692,0.308,NA,10/5/21,2,0.3052,955.4635,25.0496,7.716428506,NA,NA,NA,NA,NA,NA,NA,NA,NA,NA,NA,NA,NA,NA,NA,NA,-1.654694202,1.068720657,-0.32591026,0.042882447
BC-46-2021,BC-46-2021,BC-46-21,BC-L-46,2021,7/8/2021 (BC),Late,Baird Canyon,58584.32,7/24/21,60.73831,-144.5687,2.244,47.4,NA,3.5,NA,12.1,NA,6.8,30.7,F,0.17,3-B5,10,0.3948,NA,NA,NA,NA,4.25,NA,NA,2.004,2-B1,N,Y,5,Y,Y,0.074,3,2.8,2.6,1.7,0.8,1.2,1.4,0.9,,9/27/21,95,10/1/21,31.2,0.6716,0.3284,NA,10/5/21,4,0.3209,923.3249,24.7605,8.131869474,NA,NA,NA,NA,NA,NA,NA,NA,NA,NA,NA,NA,NA,NA,NA,NA,0.14429118,0.733694201,-0.8386882,-0.537091177
BC-47-2021,BC-47-2021,BC-47-21,BC-L-47,2021,7/8/2021 (BC),Late,Baird Canyon,58584.32,7/24/21,60.73831,-144.5687,1.898,44.5,NA,4.9,NA,11.3,NA,6.5,28.2,M,0.068,3-B6,NA,NA,NA,NA,NA,NA,NA,NA,NA,1.77,2-B2,N,Y,6,Y,Y,0.032,7.3,5.7,6.7,5.3,4.5,4.7,2.8,3.9,,9/27/21,114,10/1/21,37.7,0.6693,0.3307,NA,10/5/21,2,0.2791,955.4635,27.1564,8.980669123,NA,NA,NA,NA,NA,NA,NA,NA,NA,NA,NA,NA,NA,NA,NA,NA,-0.212414941,-0.7426247,0.186933952,-0.128377005
BC-48-2021,BC-48-2021,BC-48-21,BC-L-48,2021,7/8/2021 (BC),Late,Baird Canyon,58584.32,7/23/21,60.73831,-144.5687,2.31,47.1,NA,4.7,NA,12.4,NA,7.1,31.7,M,0.05,2-C5,NA,NA,NA,NA,NA,NA,NA,NA,NA,2.2,1-F9,N,Y,6,Y,Y,0.028,7.4,8,7.8,8.5,2.8,6.2,3.1,6.1,,9/27/21,121,10/1/21,41.3,0.6587,0.3413,NA,10/5/21,4,0.3354,923.3249,25.7988,8.805706116,NA,NA,NA,NA,NA,NA,NA,NA,NA,NA,NA,NA,NA,NA,NA,NA,0.906030982,0.004983161,-0.135564973,-0.205799043
BC-49-2021,BC-49-2021,BC-49-21,BC-L-49,2021,7/8/2021 (BC),Late,Baird Canyon,58584.32,7/24/21,60.73831,-144.5687,2.172,46.8,NA,3.1,NA,11.6,NA,6.5,29.6,F,0.136,3-B4,10,0.3098,NA,NA,NA,NA,4,NA,NA,1.954,2-A12,N,Y,5,Y,Y,0.07,6.5,7.6,6.2,6.2,4.4,3,1.7,1.9,,9/27/21,92,10/1/21,29.9,0.675,0.325,NA,10/5/21,2,0.3456,955.4635,25.7946,8.383245,NA,NA,NA,NA,NA,NA,NA,NA,NA,NA,NA,NA,NA,NA,NA,NA,-0.458689864,0.826981635,-0.959569352,-0.699695803
BC-50-2021,BC-50-2021,BC-50-21,BC-L-50,2021,7/8/2021 (BC),Late,Baird Canyon,58584.32,7/23/21,60.73831,-144.5687,2.45,48.7,NA,4.8,NA,12.2,NA,7.5,30.5,M,0.036,2-D5,NA,NA,NA,NA,NA,NA,NA,NA,NA,2.342,1-G5,Y,Y,5,Y,Y,0.016,8.4,8.3,6.7,6.1,2.9,4.2,1.6,2.2,,10/5/21,88,10/8/21,28.4,0.6773,0.3227,NA,10/8/21,2,0.3522,955.4635,27.0375,8.725738636,NA,NA,NA,NA,NA,NA,NA,NA,NA,NA,NA,NA,NA,NA,NA,NA,0.973965562,-0.342092074,-0.426270906,-0.518983825
BC-51-2021,BC-51-2021,BC-51-21,BC-L-51,2021,7/8/2021 (BC),Late,Baird Canyon,58584.32,7/23/21,60.73831,-144.5687,2.544,48,NA,5.5,NA,13,NA,7.4,32.6,M,0.046,2-C7,NA,NA,NA,NA,NA,NA,NA,NA,NA,2.394,1-F11,N,Y,5,Y,Y,0.022,6.4,5.5,3.7,5.7,2.2,3.2,2.2,1.8,,10/4/21,81.6,10/7/21,26.8,0.6716,0.3284,NA,10/8/21,4,0.4261,923.3249,26.5413,8.716995588,NA,NA,NA,NA,NA,NA,NA,NA,NA,NA,NA,NA,NA,NA,NA,NA,1.762071471,-0.425176712,0.087993465,0.024789726
BC-52-2021,BC-52-2021,BC-52-21,BC-L-52,2021,7/8/2021 (BC),Late,Baird Canyon,58584.32,7/24/21,60.73831,-144.5687,1.4,39.5,NA,3.1,NA,9.9,NA,6,26.6,F,0.086,3-B8,10,0.3831,NA,NA,NA,NA,4.3,NA,NA,1.264,2-B4,N,Y,5,Y,Y,0.04,6.1,6.1,5.8,4.8,2.8,3.4,3.1,3.8,,10/4/21,83.4,10/7/21,29,0.6523,0.3477,NA,10/8/21,2,0.1921,955.4635,26.7011,9.284555156,NA,NA,NA,NA,NA,NA,NA,NA,NA,NA,NA,NA,NA,NA,NA,NA,-2.547182555,0.392515116,0.193618083,-0.17136562
BC-53-2021,BC-53-2021,BC-53-21,BC-L-53,2021,7/8/2021 (BC),Late,Baird Canyon,58584.32,7/23/21,60.73831,-144.5687,2.274,45.6,NA,5,NA,12.5,NA,7.3,31.8,M,0.048,2-D2,NA,NA,NA,NA,NA,NA,NA,NA,NA,2.158,1-G2,N,Y,5,Y,Y,0.026,2.9,3.4,1.9,2.5,1.4,1.5,1.1,1.3,,10/4/21,87.5,10/8/21,28,0.68,0.32,NA,10/8/21,4,0.3117,923.3249,26.1436,8.365952,NA,NA,NA,NA,NA,NA,NA,NA,NA,NA,NA,NA,NA,NA,NA,NA,0.880993015,-0.141692702,0.22188179,0.150101317
BC-54-2021,BC-54-2021,BC-54-21,BC-L-54,2021,7/8/2021 (BC),Late,Baird Canyon,58584.32,7/23/21,60.73831,-144.5687,0.614,30.1,NA,2.7,NA,8.7,NA,4.9,20.5,M,0.06,2-C4,NA,NA,NA,NA,NA,NA,NA,NA,NA,0.542,1-F8,NO READ,Y,5,Y,Y,0.03,1,1.8,0.8,1.7,0.7,0.8,0.7,0.9,,10/4/21,56.8,10/7/21,14.7,0.7412,0.2588,NA,10/8/21,2,0.2764,955.4635,23.9872,6.20795493,NA,NA,NA,NA,NA,NA,NA,NA,NA,NA,NA,NA,NA,NA,NA,NA,-5.278935673,-0.031230566,0.884238358,1.105686179
BC-55-2021,BC-55-2021,BC-55-21,BC-L-55,2021,7/8/2021 (BC),Late,Baird Canyon,58584.32,7/23/21,60.73831,-144.5687,2.002,46.1,NA,4.3,NA,11.7,NA,6.4,29.7,M,0.094,2-D1,NA,NA,NA,NA,NA,NA,NA,NA,NA,1.84,1-G1,N,Y,5,Y,Y,0.046,5.4,6.7,4.3,4.8,2.1,2.3,1.3,1.8,,10/4/21,81.2,10/8/21,26.2,0.6773,0.3227,NA,10/8/21,4,0.287,923.3249,26.083,8.41594335,NA,NA,NA,NA,NA,NA,NA,NA,NA,NA,NA,NA,NA,NA,NA,NA,0.063580324,-0.05106137,-0.262994367,-0.358355598
BC-56-2021,BC-56-2021,BC-56-21,BC-L-56,2021,7/8/2021 (BC),Late,Baird Canyon,58584.32,7/23/21,60.73831,-144.5687,2.65,47.7,NA,6.2,NA,13.2,NA,7.5,32.4,M,0.082,2-D4,NA,NA,NA,NA,NA,NA,NA,NA,NA,2.508,1-G4,N,Y,5,Y,Y,0.04,1,1,0.7,0.8,0.6,1.2,0.5,0.7,,10/4/21,117.4,10/8/21,32.7,0.7215,0.2785,NA,10/8/21,2,0.2593,955.4635,24.6501,6.865913714,NA,NA,NA,NA,NA,NA,NA,NA,NA,NA,NA,NA,NA,NA,NA,NA,2.110823331,-0.957474272,0.402197919,0.295034374
BC-57-2021,BC-57-2021,BC-57-21,BC-L-57,2021,7/8/2021 (BC),Late,Baird Canyon,58584.32,7/24/21,60.73831,-144.5687,1.14,39,NA,3,NA,9.1,NA,5.8,23.5,F,0.076,3-A7,10,0.3482,NA,NA,NA,NA,4,NA,NA,1.024,2-A7,N,Y,5,Y,Y,0.044,7.5,6.7,4.7,6,4.5,6.7,2.6,2.5,,10/4/21,79,10/7/21,24.4,0.6911,0.3089,NA,10/8/21,4,0.3116,923.3249,26.697,8.245655696,NA,NA,NA,NA,NA,NA,NA,NA,NA,NA,NA,NA,NA,NA,NA,NA,-3.335909819,-0.094464973,0.023410749,-0.365918356
BC-58-2021,BC-58-2021,BC-58-21,BC-L-58,2021,7/8/2021 (BC),Late,Baird Canyon,58584.32,7/23/21,60.73831,-144.5687,2.364,48,NA,4.5,NA,12.8,NA,7,31.5,M,0.056,2-C8,NA,NA,NA,NA,NA,NA,NA,NA,NA,2.24,1-F12,N,Y,5,Y,Y,0.03,4.7,4.8,4,4.3,1,1.8,0.8,1.2,,10/4/21,83.9,10/7/21,25,0.702,0.298,NA,10/8/21,2,0.2917,955.4635,26.3691,7.857300358,NA,NA,NA,NA,NA,NA,NA,NA,NA,NA,NA,NA,NA,NA,NA,NA,1.081047341,0.159908963,-0.512099887,-0.166010337
BC-59-2021,BC-59-2021,BC-59-21,BC-L-59,2021,7/8/2021 (BC),Late,Baird Canyon,58584.32,7/24/21,60.73831,-144.5687,1.548,42.8,NA,3,NA,10,NA,6.6,26.4,F,0.11,3-B7,10,0.4809,NA,NA,NA,NA,5.05,NA,NA,1.388,2-B3,N,Y,5,Y,Y,0.048,7.3,6.3,6.3,5.4,3,4.6,2.9,4.1,,10/4/21,97.1,10/8/21,33.1,0.6591,0.3409,NA,10/8/21,4,0.4367,923.3249,26.5385,9.046594748,NA,NA,NA,NA,NA,NA,NA,NA,NA,NA,NA,NA,NA,NA,NA,NA,-2.093455289,0.331986904,-0.398239557,-0.703523459
BC-60-2021,BC-60-2021,BC-60-21,BC-L-60,2021,7/8/2021 (BC),Late,Baird Canyon,58584.32,7/23/21,60.73831,-144.5687,2.85,49.4,NA,6.5,NA,13.2,NA,7.7,33.5,M,0.076,2-D3,NA,NA,NA,NA,NA,NA,NA,NA,NA,2.704,1-G3,N,Y,5,Y,Y,0.036,0.7,0.6,0.6,0.6,0.6,0.6,0.6,0.6,,10/4/21,80.5,10/7/21,22,0.7267,0.2733,NA,10/8/21,2,0.279,955.4635,23.1759,6.333786335,NA,NA,NA,NA,NA,NA,NA,NA,NA,NA,NA,NA,NA,NA,NA,NA,2.625942804,-1.092667513,0.455024057,-0.02105665